timestamp,load,day
2014-12-31 00:00:00+00:00,0.0,Wednesday
2015-01-01 00:00:00+00:00,1373076.0,Thursday
2015-01-02 00:00:00+00:00,1528064.0,Friday
2015-01-03 00:00:00+00:00,1536207.0,Saturday
2015-01-04 00:00:00+00:00,1531740.0,Sunday
2015-01-05 00:00:00+00:00,2048844.0,Monday
2015-01-06 00:00:00+00:00,2045606.0,Tuesday
2015-01-07 00:00:00+00:00,2079690.0,Wednesday
2015-01-08 00:00:00+00:00,2047104.0,Thursday
2015-01-09 00:00:00+00:00,2012616.0,Friday
2015-01-10 00:00:00+00:00,1827070.0,Saturday
2015-01-11 00:00:00+00:00,1824945.0,Sunday
2015-01-12 00:00:00+00:00,2038578.0,Monday
2015-01-13 00:00:00+00:00,2167138.0,Tuesday
2015-01-14 00:00:00+00:00,2224679.0,Wednesday
2015-01-15 00:00:00+00:00,2200435.0,Thursday
2015-01-16 00:00:00+00:00,2205291.0,Friday
2015-01-17 00:00:00+00:00,2053621.0,Saturday
2015-01-18 00:00:00+00:00,2014408.0,Sunday
2015-01-19 00:00:00+00:00,2244613.0,Monday
2015-01-20 00:00:00+00:00,2292687.0,Tuesday
2015-01-21 00:00:00+00:00,2287030.0,Wednesday
2015-01-22 00:00:00+00:00,2268151.0,Thursday
2015-01-23 00:00:00+00:00,2261423.0,Friday
2015-01-24 00:00:00+00:00,2046118.0,Saturday
2015-01-25 00:00:00+00:00,1999459.0,Sunday
2015-01-26 00:00:00+00:00,2184939.0,Monday
2015-01-27 00:00:00+00:00,2225927.0,Tuesday
2015-01-28 00:00:00+00:00,2204931.0,Wednesday
2015-01-29 00:00:00+00:00,2268798.0,Thursday
2015-01-30 00:00:00+00:00,2259122.0,Friday
2015-01-31 00:00:00+00:00,2066834.0,Saturday
2015-02-01 00:00:00+00:00,2036984.0,Sunday
2015-02-02 00:00:00+00:00,2293495.0,Monday
2015-02-03 00:00:00+00:00,2278889.0,Tuesday
2015-02-04 00:00:00+00:00,2262720.0,Wednesday
2015-02-05 00:00:00+00:00,2300797.0,Thursday
2015-02-06 00:00:00+00:00,2226287.0,Friday
2015-02-07 00:00:00+00:00,2041258.0,Saturday
2015-02-08 00:00:00+00:00,1958010.0,Sunday
2015-02-09 00:00:00+00:00,2135110.0,Monday
2015-02-10 00:00:00+00:00,2209503.0,Tuesday
2015-02-11 00:00:00+00:00,2251718.0,Wednesday
2015-02-12 00:00:00+00:00,2249920.0,Thursday
2015-02-13 00:00:00+00:00,2190767.0,Friday
2015-02-14 00:00:00+00:00,1993065.0,Saturday
2015-02-15 00:00:00+00:00,1918089.0,Sunday
2015-02-16 00:00:00+00:00,2161747.0,Monday
2015-02-17 00:00:00+00:00,2153120.0,Tuesday
2015-02-18 00:00:00+00:00,2100667.0,Wednesday
2015-02-19 00:00:00+00:00,2139240.0,Thursday
2015-02-20 00:00:00+00:00,2144713.0,Friday
2015-02-21 00:00:00+00:00,1939788.0,Saturday
2015-02-22 00:00:00+00:00,1966687.0,Sunday
2015-02-23 00:00:00+00:00,2160625.0,Monday
2015-02-24 00:00:00+00:00,2182800.0,Tuesday
2015-02-25 00:00:00+00:00,2163415.0,Wednesday
2015-02-26 00:00:00+00:00,2131758.0,Thursday
2015-02-27 00:00:00+00:00,2115858.0,Friday
2015-02-28 00:00:00+00:00,1919360.0,Saturday
2015-03-01 00:00:00+00:00,1858255.0,Sunday
2015-03-02 00:00:00+00:00,2142623.0,Monday
2015-03-03 00:00:00+00:00,2164279.0,Tuesday
2015-03-04 00:00:00+00:00,2153440.0,Wednesday
2015-03-05 00:00:00+00:00,2143293.0,Thursday
2015-03-06 00:00:00+00:00,2031873.0,Friday
2015-03-07 00:00:00+00:00,1793918.0,Saturday
2015-03-08 00:00:00+00:00,1797723.0,Sunday
2015-03-09 00:00:00+00:00,2101053.0,Monday
2015-03-10 00:00:00+00:00,2062626.0,Tuesday
2015-03-11 00:00:00+00:00,2086860.0,Wednesday
2015-03-12 00:00:00+00:00,2055467.0,Thursday
2015-03-13 00:00:00+00:00,2054813.0,Friday
2015-03-14 00:00:00+00:00,1911099.0,Saturday
2015-03-15 00:00:00+00:00,1884310.0,Sunday
2015-03-16 00:00:00+00:00,2117447.0,Monday
2015-03-17 00:00:00+00:00,2100223.0,Tuesday
2015-03-18 00:00:00+00:00,2094218.0,Wednesday
2015-03-19 00:00:00+00:00,2103145.0,Thursday
2015-03-20 00:00:00+00:00,2024236.0,Friday
2015-03-21 00:00:00+00:00,1824250.0,Saturday
2015-03-22 00:00:00+00:00,1798484.0,Sunday
2015-03-23 00:00:00+00:00,1982767.0,Monday
2015-03-24 00:00:00+00:00,1987189.0,Tuesday
2015-03-25 00:00:00+00:00,1987740.0,Wednesday
2015-03-26 00:00:00+00:00,2009883.0,Thursday
2015-03-27 00:00:00+00:00,1944415.0,Friday
2015-03-28 00:00:00+00:00,1770417.0,Saturday
2015-03-29 00:00:00+00:00,1540886.0,Sunday
2015-03-30 00:00:00+00:00,1946874.0,Monday
2015-03-31 00:00:00+00:00,1975740.0,Tuesday
2015-04-01 00:00:00+00:00,1880386.0,Wednesday
2015-04-02 00:00:00+00:00,1831335.0,Thursday
2015-04-03 00:00:00+00:00,1696235.0,Friday
2015-04-04 00:00:00+00:00,1640244.0,Saturday
2015-04-05 00:00:00+00:00,1540236.0,Sunday
2015-04-06 00:00:00+00:00,1569220.0,Monday
2015-04-07 00:00:00+00:00,1710354.0,Tuesday
2015-04-08 00:00:00+00:00,1734297.0,Wednesday
2015-04-09 00:00:00+00:00,1729339.0,Thursday
2015-04-10 00:00:00+00:00,1700675.0,Friday
2015-04-11 00:00:00+00:00,1524226.0,Saturday
2015-04-12 00:00:00+00:00,1521962.0,Sunday
2015-04-13 00:00:00+00:00,1823311.0,Monday
2015-04-14 00:00:00+00:00,1865383.0,Tuesday
2015-04-15 00:00:00+00:00,1848481.0,Wednesday
2015-04-16 00:00:00+00:00,1860433.0,Thursday
2015-04-17 00:00:00+00:00,1822980.0,Friday
2015-04-18 00:00:00+00:00,1644990.0,Saturday
2015-04-19 00:00:00+00:00,1650947.0,Sunday
2015-04-20 00:00:00+00:00,1853781.0,Monday
2015-04-21 00:00:00+00:00,1840142.0,Tuesday
2015-04-22 00:00:00+00:00,1843554.0,Wednesday
2015-04-23 00:00:00+00:00,1833711.0,Thursday
2015-04-24 00:00:00+00:00,1792752.0,Friday
2015-04-25 00:00:00+00:00,1634282.0,Saturday
2015-04-26 00:00:00+00:00,1624830.0,Sunday
2015-04-27 00:00:00+00:00,1873731.0,Monday
2015-04-28 00:00:00+00:00,1796132.0,Tuesday
2015-04-29 00:00:00+00:00,1878093.0,Wednesday
2015-04-30 00:00:00+00:00,1880372.0,Thursday
2015-05-01 00:00:00+00:00,1847164.0,Friday
2015-05-02 00:00:00+00:00,1674084.0,Saturday
2015-05-03 00:00:00+00:00,1605527.0,Sunday
2015-05-04 00:00:00+00:00,1618067.0,Monday
2015-05-05 00:00:00+00:00,1821957.0,Tuesday
2015-05-06 00:00:00+00:00,1854798.0,Wednesday
2015-05-07 00:00:00+00:00,1853955.0,Thursday
2015-05-08 00:00:00+00:00,1833809.0,Friday
2015-05-09 00:00:00+00:00,1639302.0,Saturday
2015-05-10 00:00:00+00:00,1584032.0,Sunday
2015-05-11 00:00:00+00:00,1767529.0,Monday
2015-05-12 00:00:00+00:00,1786056.0,Tuesday
2015-05-13 00:00:00+00:00,1795726.0,Wednesday
2015-05-14 00:00:00+00:00,1858333.0,Thursday
2015-05-15 00:00:00+00:00,1804295.0,Friday
2015-05-16 00:00:00+00:00,1584948.0,Saturday
2015-05-17 00:00:00+00:00,1545521.0,Sunday
2015-05-18 00:00:00+00:00,1806471.0,Monday
2015-05-19 00:00:00+00:00,1849202.0,Tuesday
2015-05-20 00:00:00+00:00,1835774.0,Wednesday
2015-05-21 00:00:00+00:00,1792389.0,Thursday
2015-05-22 00:00:00+00:00,1775443.0,Friday
2015-05-23 00:00:00+00:00,1568575.0,Saturday
2015-05-24 00:00:00+00:00,1491520.0,Sunday
2015-05-25 00:00:00+00:00,1565713.0,Monday
2015-05-26 00:00:00+00:00,1721920.0,Tuesday
2015-05-27 00:00:00+00:00,1751874.0,Wednesday
2015-05-28 00:00:00+00:00,1732696.0,Thursday
2015-05-29 00:00:00+00:00,1746364.0,Friday
2015-05-30 00:00:00+00:00,1544540.0,Saturday
2015-05-31 00:00:00+00:00,1538589.0,Sunday
2015-06-01 00:00:00+00:00,1748759.0,Monday
2015-06-02 00:00:00+00:00,1773019.0,Tuesday
2015-06-03 00:00:00+00:00,1774154.0,Wednesday
2015-06-04 00:00:00+00:00,1772582.0,Thursday
2015-06-05 00:00:00+00:00,1723085.0,Friday
2015-06-06 00:00:00+00:00,1507666.0,Saturday
2015-06-07 00:00:00+00:00,1451731.0,Sunday
2015-06-08 00:00:00+00:00,1217168.0,Monday
2015-06-09 00:00:00+00:00,1745722.0,Tuesday
2015-06-10 00:00:00+00:00,1778154.0,Wednesday
2015-06-11 00:00:00+00:00,1661472.0,Thursday
2015-06-12 00:00:00+00:00,1743570.0,Friday
2015-06-13 00:00:00+00:00,1567027.0,Saturday
2015-06-14 00:00:00+00:00,1531943.0,Sunday
2015-06-15 00:00:00+00:00,1730693.0,Monday
2015-06-16 00:00:00+00:00,1765592.0,Tuesday
2015-06-17 00:00:00+00:00,1762974.0,Wednesday
2015-06-18 00:00:00+00:00,1755324.0,Thursday
2015-06-19 00:00:00+00:00,1703619.0,Friday
2015-06-20 00:00:00+00:00,1557614.0,Saturday
2015-06-21 00:00:00+00:00,1467048.0,Sunday
2015-06-22 00:00:00+00:00,1729226.0,Monday
2015-06-23 00:00:00+00:00,1752354.0,Tuesday
2015-06-24 00:00:00+00:00,1754592.0,Wednesday
2015-06-25 00:00:00+00:00,1748717.0,Thursday
2015-06-26 00:00:00+00:00,1726619.0,Friday
2015-06-27 00:00:00+00:00,1527850.0,Saturday
2015-06-28 00:00:00+00:00,1480377.0,Sunday
2015-06-29 00:00:00+00:00,1731713.0,Monday
2015-06-30 00:00:00+00:00,1803203.0,Tuesday
2015-07-01 00:00:00+00:00,1835370.0,Wednesday
2015-07-02 00:00:00+00:00,1783891.0,Thursday
2015-07-03 00:00:00+00:00,1733414.0,Friday
2015-07-04 00:00:00+00:00,1559206.0,Saturday
2015-07-05 00:00:00+00:00,1493014.0,Sunday
2015-07-06 00:00:00+00:00,1686492.0,Monday
2015-07-07 00:00:00+00:00,1697141.0,Tuesday
2015-07-08 00:00:00+00:00,1713894.0,Wednesday
2015-07-09 00:00:00+00:00,1724553.0,Thursday
2015-07-10 00:00:00+00:00,1726478.0,Friday
2015-07-11 00:00:00+00:00,1519102.0,Saturday
2015-07-12 00:00:00+00:00,1468134.0,Sunday
2015-07-13 00:00:00+00:00,1714982.0,Monday
2015-07-14 00:00:00+00:00,1737245.0,Tuesday
2015-07-15 00:00:00+00:00,1738397.0,Wednesday
2015-07-16 00:00:00+00:00,1752385.0,Thursday
2015-07-17 00:00:00+00:00,1696094.0,Friday
2015-07-18 00:00:00+00:00,1498514.0,Saturday
2015-07-19 00:00:00+00:00,1469995.0,Sunday
2015-07-20 00:00:00+00:00,1675268.0,Monday
2015-07-21 00:00:00+00:00,1659856.0,Tuesday
2015-07-22 00:00:00+00:00,1698739.0,Wednesday
2015-07-23 00:00:00+00:00,1703202.0,Thursday
2015-07-24 00:00:00+00:00,1700167.0,Friday
2015-07-25 00:00:00+00:00,1499454.0,Saturday
2015-07-26 00:00:00+00:00,1483295.0,Sunday
2015-07-27 00:00:00+00:00,1680671.0,Monday
2015-07-28 00:00:00+00:00,1702131.0,Tuesday
2015-07-29 00:00:00+00:00,1696582.0,Wednesday
2015-07-30 00:00:00+00:00,1684778.0,Thursday
2015-07-31 00:00:00+00:00,1661367.0,Friday
2015-08-01 00:00:00+00:00,1480340.0,Saturday
2015-08-02 00:00:00+00:00,1469051.0,Sunday
2015-08-03 00:00:00+00:00,1659586.0,Monday
2015-08-04 00:00:00+00:00,1656986.0,Tuesday
2015-08-05 00:00:00+00:00,1695881.0,Wednesday
2015-08-06 00:00:00+00:00,1655056.0,Thursday
2015-08-07 00:00:00+00:00,1653525.0,Friday
2015-08-08 00:00:00+00:00,1501586.0,Saturday
2015-08-09 00:00:00+00:00,1468977.0,Sunday
2015-08-10 00:00:00+00:00,1678542.0,Monday
2015-08-11 00:00:00+00:00,1737383.0,Tuesday
2015-08-12 00:00:00+00:00,1729361.0,Wednesday
2015-08-13 00:00:00+00:00,1751719.0,Thursday
2015-08-14 00:00:00+00:00,1740911.0,Friday
2015-08-15 00:00:00+00:00,1520162.0,Saturday
2015-08-16 00:00:00+00:00,1491280.0,Sunday
2015-08-17 00:00:00+00:00,1707926.0,Monday
2015-08-18 00:00:00+00:00,1737757.0,Tuesday
2015-08-19 00:00:00+00:00,1756716.0,Wednesday
2015-08-20 00:00:00+00:00,1759800.0,Thursday
2015-08-21 00:00:00+00:00,1720839.0,Friday
2015-08-22 00:00:00+00:00,1579366.0,Saturday
2015-08-23 00:00:00+00:00,1520044.0,Sunday
2015-08-24 00:00:00+00:00,1729296.0,Monday
2015-08-25 00:00:00+00:00,1730798.0,Tuesday
2015-08-26 00:00:00+00:00,1739884.0,Wednesday
2015-08-27 00:00:00+00:00,1720749.0,Thursday
2015-08-28 00:00:00+00:00,1681229.0,Friday
2015-08-29 00:00:00+00:00,1516679.0,Saturday
2015-08-30 00:00:00+00:00,1478890.0,Sunday
2015-08-31 00:00:00+00:00,1567949.0,Monday
2015-09-01 00:00:00+00:00,1731134.0,Tuesday
2015-09-02 00:00:00+00:00,1766005.0,Wednesday
2015-09-03 00:00:00+00:00,1777453.0,Thursday
2015-09-04 00:00:00+00:00,1744329.0,Friday
2015-09-05 00:00:00+00:00,1577629.0,Saturday
2015-09-06 00:00:00+00:00,1533732.0,Sunday
2015-09-07 00:00:00+00:00,1763635.0,Monday
2015-09-08 00:00:00+00:00,1813723.0,Tuesday
2015-09-09 00:00:00+00:00,1801186.0,Wednesday
2015-09-10 00:00:00+00:00,1780634.0,Thursday
2015-09-11 00:00:00+00:00,1750529.0,Friday
2015-09-12 00:00:00+00:00,1573721.0,Saturday
2015-09-13 00:00:00+00:00,1542027.0,Sunday
2015-09-14 00:00:00+00:00,1731279.0,Monday
2015-09-15 00:00:00+00:00,1788521.0,Tuesday
2015-09-16 00:00:00+00:00,1822556.0,Wednesday
2015-09-17 00:00:00+00:00,1813249.0,Thursday
2015-09-18 00:00:00+00:00,1531907.0,Friday
2015-09-19 00:00:00+00:00,1598445.0,Saturday
2015-09-20 00:00:00+00:00,1567251.0,Sunday
2015-09-21 00:00:00+00:00,1824207.0,Monday
2015-09-22 00:00:00+00:00,1804230.0,Tuesday
2015-09-23 00:00:00+00:00,1803110.0,Wednesday
2015-09-24 00:00:00+00:00,1775441.0,Thursday
2015-09-25 00:00:00+00:00,1762971.0,Friday
2015-09-26 00:00:00+00:00,1609363.0,Saturday
2015-09-27 00:00:00+00:00,1568913.0,Sunday
2015-09-28 00:00:00+00:00,1801726.0,Monday
2015-09-29 00:00:00+00:00,1800748.0,Tuesday
2015-09-30 00:00:00+00:00,1849888.0,Wednesday
2015-10-01 00:00:00+00:00,1836407.0,Thursday
2015-10-02 00:00:00+00:00,1831703.0,Friday
2015-10-03 00:00:00+00:00,1709383.0,Saturday
2015-10-04 00:00:00+00:00,1574065.0,Sunday
2015-10-05 00:00:00+00:00,1855181.0,Monday
2015-10-06 00:00:00+00:00,1869322.0,Tuesday
2015-10-07 00:00:00+00:00,1855926.0,Wednesday
2015-10-08 00:00:00+00:00,1864666.0,Thursday
2015-10-09 00:00:00+00:00,1839780.0,Friday
2015-10-10 00:00:00+00:00,1689743.0,Saturday
2015-10-11 00:00:00+00:00,1640490.0,Sunday
2015-10-12 00:00:00+00:00,1861818.0,Monday
2015-10-13 00:00:00+00:00,1913520.0,Tuesday
2015-10-14 00:00:00+00:00,1879724.0,Wednesday
2015-10-15 00:00:00+00:00,1910747.0,Thursday
2015-10-16 00:00:00+00:00,1877194.0,Friday
2015-10-17 00:00:00+00:00,1764371.0,Saturday
2015-10-18 00:00:00+00:00,1724868.0,Sunday
2015-10-19 00:00:00+00:00,1911941.0,Monday
2015-10-20 00:00:00+00:00,1893978.0,Tuesday
2015-10-21 00:00:00+00:00,1922078.0,Wednesday
2015-10-22 00:00:00+00:00,1876012.0,Thursday
2015-10-23 00:00:00+00:00,1911104.0,Friday
2015-10-24 00:00:00+00:00,1743356.8,Saturday
2015-10-25 00:00:00+00:00,1748096.2,Sunday
2015-10-26 00:00:00+00:00,1901697.0,Monday
2015-10-27 00:00:00+00:00,1969426.0,Tuesday
2015-10-28 00:00:00+00:00,1951984.0,Wednesday
2015-10-29 00:00:00+00:00,1910286.0,Thursday
2015-10-30 00:00:00+00:00,1941803.0,Friday
2015-10-31 00:00:00+00:00,1749251.0,Saturday
2015-11-01 00:00:00+00:00,1751876.0,Sunday
2015-11-02 00:00:00+00:00,1990211.0,Monday
2015-11-03 00:00:00+00:00,1992787.0,Tuesday
2015-11-04 00:00:00+00:00,1842249.0,Wednesday
2015-11-05 00:00:00+00:00,1634610.0,Thursday
2015-11-06 00:00:00+00:00,1900410.0,Friday
2015-11-07 00:00:00+00:00,1767956.0,Saturday
2015-11-08 00:00:00+00:00,1750277.0,Sunday
2015-11-09 00:00:00+00:00,1950776.0,Monday
2015-11-10 00:00:00+00:00,1931464.0,Tuesday
2015-11-11 00:00:00+00:00,1938760.0,Wednesday
2015-11-12 00:00:00+00:00,1942452.0,Thursday
2015-11-13 00:00:00+00:00,1948059.0,Friday
2015-11-14 00:00:00+00:00,1847020.0,Saturday
2015-11-15 00:00:00+00:00,1755701.0,Sunday
2015-11-16 00:00:00+00:00,1401925.0,Monday
2015-11-17 00:00:00+00:00,2017700.0,Tuesday
2015-11-18 00:00:00+00:00,2001411.0,Wednesday
2015-11-19 00:00:00+00:00,1974116.0,Thursday
2015-11-20 00:00:00+00:00,2024823.0,Friday
2015-11-21 00:00:00+00:00,1930523.0,Saturday
2015-11-22 00:00:00+00:00,1932312.0,Sunday
2015-11-23 00:00:00+00:00,2090805.0,Monday
2015-11-24 00:00:00+00:00,2057111.0,Tuesday
2015-11-25 00:00:00+00:00,2055645.0,Wednesday
2015-11-26 00:00:00+00:00,2009301.0,Thursday
2015-11-27 00:00:00+00:00,1953625.0,Friday
2015-11-28 00:00:00+00:00,1926654.0,Saturday
2015-11-29 00:00:00+00:00,1882653.0,Sunday
2015-11-30 00:00:00+00:00,2117140.0,Monday
2015-12-01 00:00:00+00:00,2105049.0,Tuesday
2015-12-02 00:00:00+00:00,1995645.0,Wednesday
2015-12-03 00:00:00+00:00,2077617.0,Thursday
2015-12-04 00:00:00+00:00,2015981.0,Friday
2015-12-05 00:00:00+00:00,1881679.0,Saturday
2015-12-06 00:00:00+00:00,1827393.0,Sunday
2015-12-07 00:00:00+00:00,2020733.0,Monday
2015-12-08 00:00:00+00:00,2026975.0,Tuesday
2015-12-09 00:00:00+00:00,2031994.0,Wednesday
2015-12-10 00:00:00+00:00,2060538.0,Thursday
2015-12-11 00:00:00+00:00,2090302.0,Friday
2015-12-12 00:00:00+00:00,1947528.0,Saturday
2015-12-13 00:00:00+00:00,1954680.0,Sunday
2015-12-14 00:00:00+00:00,2118554.0,Monday
2015-12-15 00:00:00+00:00,2109462.0,Tuesday
2015-12-16 00:00:00+00:00,2078980.0,Wednesday
2015-12-17 00:00:00+00:00,2044172.0,Thursday
2015-12-18 00:00:00+00:00,2003153.0,Friday
2015-12-19 00:00:00+00:00,1745250.0,Saturday
2015-12-20 00:00:00+00:00,1770731.0,Sunday
2015-12-21 00:00:00+00:00,2013224.0,Monday
2015-12-22 00:00:00+00:00,1979286.0,Tuesday
2015-12-23 00:00:00+00:00,1926617.0,Wednesday
2015-12-24 00:00:00+00:00,1815657.0,Thursday
2015-12-25 00:00:00+00:00,1653853.0,Friday
2015-12-26 00:00:00+00:00,1579812.0,Saturday
2015-12-27 00:00:00+00:00,1697664.0,Sunday
2015-12-28 00:00:00+00:00,1716162.0,Monday
2015-12-29 00:00:00+00:00,1764110.0,Tuesday
2015-12-30 00:00:00+00:00,1816916.0,Wednesday
2015-12-31 00:00:00+00:00,1805990.0,Thursday
2016-01-01 00:00:00+00:00,1760838.0,Friday
2016-01-02 00:00:00+00:00,1788660.0,Saturday
2016-01-03 00:00:00+00:00,1833132.0,Sunday
2016-01-04 00:00:00+00:00,2059878.0,Monday
2016-01-05 00:00:00+00:00,2118671.0,Tuesday
2016-01-06 00:00:00+00:00,2112770.0,Wednesday
2016-01-07 00:00:00+00:00,2100721.0,Thursday
2016-01-08 00:00:00+00:00,2118489.0,Friday
2016-01-09 00:00:00+00:00,1932688.0,Saturday
2016-01-10 00:00:00+00:00,1888810.0,Sunday
2016-01-11 00:00:00+00:00,2174994.0,Monday
2016-01-12 00:00:00+00:00,2201993.0,Tuesday
2016-01-13 00:00:00+00:00,2221555.0,Wednesday
2016-01-14 00:00:00+00:00,2241477.0,Thursday
2016-01-15 00:00:00+00:00,2252239.0,Friday
2016-01-16 00:00:00+00:00,2110468.0,Saturday
2016-01-17 00:00:00+00:00,2074712.0,Sunday
2016-01-18 00:00:00+00:00,2249593.0,Monday
2016-01-19 00:00:00+00:00,2213455.0,Tuesday
2016-01-20 00:00:00+00:00,2183653.0,Wednesday
2016-01-21 00:00:00+00:00,2115598.0,Thursday
2016-01-22 00:00:00+00:00,2091706.0,Friday
2016-01-23 00:00:00+00:00,1968145.0,Saturday
2016-01-24 00:00:00+00:00,1884029.0,Sunday
2016-01-25 00:00:00+00:00,2047756.0,Monday
2016-01-26 00:00:00+00:00,2102285.0,Tuesday
2016-01-27 00:00:00+00:00,2098259.0,Wednesday
2016-01-28 00:00:00+00:00,2122159.0,Thursday
2016-01-29 00:00:00+00:00,2071266.0,Friday
2016-01-30 00:00:00+00:00,1907153.0,Saturday
2016-01-31 00:00:00+00:00,1922652.0,Sunday
2016-02-01 00:00:00+00:00,2058662.0,Monday
2016-02-02 00:00:00+00:00,2101400.0,Tuesday
2016-02-03 00:00:00+00:00,2168346.0,Wednesday
2016-02-04 00:00:00+00:00,2137687.0,Thursday
2016-02-05 00:00:00+00:00,2058995.0,Friday
2016-02-06 00:00:00+00:00,1942057.0,Saturday
2016-02-07 00:00:00+00:00,1881965.0,Sunday
2016-02-08 00:00:00+00:00,2121445.0,Monday
2016-02-09 00:00:00+00:00,2159370.0,Tuesday
2016-02-10 00:00:00+00:00,2164241.0,Wednesday
2016-02-11 00:00:00+00:00,2166051.0,Thursday
2016-02-12 00:00:00+00:00,2183992.0,Friday
2016-02-13 00:00:00+00:00,2035878.0,Saturday
2016-02-14 00:00:00+00:00,1961316.0,Sunday
2016-02-15 00:00:00+00:00,2206017.0,Monday
2016-02-16 00:00:00+00:00,2181738.0,Tuesday
2016-02-17 00:00:00+00:00,2215476.0,Wednesday
2016-02-18 00:00:00+00:00,2179693.0,Thursday
2016-02-19 00:00:00+00:00,2137861.0,Friday
2016-02-20 00:00:00+00:00,1914491.0,Saturday
2016-02-21 00:00:00+00:00,1839517.5,Sunday
2016-02-22 00:00:00+00:00,2080421.0,Monday
2016-02-23 00:00:00+00:00,2138507.0,Tuesday
2016-02-24 00:00:00+00:00,2191875.0,Wednesday
2016-02-25 00:00:00+00:00,2221460.0,Thursday
2016-02-26 00:00:00+00:00,2194268.0,Friday
2016-02-27 00:00:00+00:00,2006060.0,Saturday
2016-02-28 00:00:00+00:00,1948352.0,Sunday
2016-02-29 00:00:00+00:00,2188478.0,Monday
2016-03-01 00:00:00+00:00,2121029.0,Tuesday
2016-03-02 00:00:00+00:00,2157932.0,Wednesday
2016-03-03 00:00:00+00:00,2156497.0,Thursday
2016-03-04 00:00:00+00:00,2138791.0,Friday
2016-03-05 00:00:00+00:00,1991299.0,Saturday
2016-03-06 00:00:00+00:00,1959920.0,Sunday
2016-03-07 00:00:00+00:00,2168128.0,Monday
2016-03-08 00:00:00+00:00,2207940.0,Tuesday
2016-03-09 00:00:00+00:00,2194707.0,Wednesday
2016-03-10 00:00:00+00:00,2169788.0,Thursday
2016-03-11 00:00:00+00:00,2103596.0,Friday
2016-03-12 00:00:00+00:00,1921526.0,Saturday
2016-03-13 00:00:00+00:00,1846165.0,Sunday
2016-03-14 00:00:00+00:00,2044138.0,Monday
2016-03-15 00:00:00+00:00,2122143.0,Tuesday
2016-03-16 00:00:00+00:00,2092039.0,Wednesday
2016-03-17 00:00:00+00:00,2092590.0,Thursday
2016-03-18 00:00:00+00:00,2140272.0,Friday
2016-03-19 00:00:00+00:00,1950972.0,Saturday
2016-03-20 00:00:00+00:00,1852573.0,Sunday
2016-03-21 00:00:00+00:00,2063570.0,Monday
2016-03-22 00:00:00+00:00,2049562.0,Tuesday
2016-03-23 00:00:00+00:00,2089178.0,Wednesday
2016-03-24 00:00:00+00:00,2026795.0,Thursday
2016-03-25 00:00:00+00:00,1768886.0,Friday
2016-03-26 00:00:00+00:00,1736143.0,Saturday
2016-03-27 00:00:00+00:00,1648296.0,Sunday
2016-03-28 00:00:00+00:00,1731519.0,Monday
2016-03-29 00:00:00+00:00,1985100.0,Tuesday
2016-03-30 00:00:00+00:00,1990093.0,Wednesday
2016-03-31 00:00:00+00:00,1979232.0,Thursday
2016-04-01 00:00:00+00:00,1924502.0,Friday
2016-04-02 00:00:00+00:00,1778494.0,Saturday
2016-04-03 00:00:00+00:00,1734543.0,Sunday
2016-04-04 00:00:00+00:00,1938055.0,Monday
2016-04-05 00:00:00+00:00,1920652.0,Tuesday
2016-04-06 00:00:00+00:00,1916700.0,Wednesday
2016-04-07 00:00:00+00:00,1979157.0,Thursday
2016-04-08 00:00:00+00:00,1936484.0,Friday
2016-04-09 00:00:00+00:00,1782803.0,Saturday
2016-04-10 00:00:00+00:00,1724865.0,Sunday
2016-04-11 00:00:00+00:00,1633554.0,Monday
2016-04-12 00:00:00+00:00,0.0,Tuesday
2016-04-13 00:00:00+00:00,834581.0,Wednesday
2016-04-14 00:00:00+00:00,1944132.0,Thursday
2016-04-15 00:00:00+00:00,1969080.0,Friday
2016-04-16 00:00:00+00:00,1815964.0,Saturday
2016-04-17 00:00:00+00:00,1755522.0,Sunday
2016-04-18 00:00:00+00:00,1906106.0,Monday
2016-04-19 00:00:00+00:00,1857858.0,Tuesday
2016-04-20 00:00:00+00:00,1862350.0,Wednesday
2016-04-21 00:00:00+00:00,1861269.0,Thursday
2016-04-22 00:00:00+00:00,1875087.0,Friday
2016-04-23 00:00:00+00:00,1719689.0,Saturday
2016-04-24 00:00:00+00:00,1696484.0,Sunday
2016-04-25 00:00:00+00:00,1908735.0,Monday
2016-04-26 00:00:00+00:00,1950359.0,Tuesday
2016-04-27 00:00:00+00:00,1967740.0,Wednesday
2016-04-28 00:00:00+00:00,1958984.0,Thursday
2016-04-29 00:00:00+00:00,1900024.0,Friday
2016-04-30 00:00:00+00:00,1746586.0,Saturday
2016-05-01 00:00:00+00:00,1649903.0,Sunday
2016-05-02 00:00:00+00:00,1674794.0,Monday
2016-05-03 00:00:00+00:00,1857466.0,Tuesday
2016-05-04 00:00:00+00:00,1859874.0,Wednesday
2016-05-05 00:00:00+00:00,1827584.0,Thursday
2016-05-06 00:00:00+00:00,1775211.0,Friday
2016-05-07 00:00:00+00:00,1605190.0,Saturday
2016-05-08 00:00:00+00:00,1542407.0,Sunday
2016-05-09 00:00:00+00:00,1719660.0,Monday
2016-05-10 00:00:00+00:00,1759270.0,Tuesday
2016-05-11 00:00:00+00:00,1772202.0,Wednesday
2016-05-12 00:00:00+00:00,1730940.0,Thursday
2016-05-13 00:00:00+00:00,1743162.0,Friday
2016-05-14 00:00:00+00:00,1584800.0,Saturday
2016-05-15 00:00:00+00:00,1565012.0,Sunday
2016-05-16 00:00:00+00:00,1784387.0,Monday
2016-05-17 00:00:00+00:00,1820482.0,Tuesday
2016-05-18 00:00:00+00:00,1808496.0,Wednesday
2016-05-19 00:00:00+00:00,1830060.0,Thursday
2016-05-20 00:00:00+00:00,1774054.0,Friday
2016-05-21 00:00:00+00:00,1594984.0,Saturday
2016-05-22 00:00:00+00:00,1589964.0,Sunday
2016-05-23 00:00:00+00:00,1773385.0,Monday
2016-05-24 00:00:00+00:00,1787238.0,Tuesday
2016-05-25 00:00:00+00:00,1826971.0,Wednesday
2016-05-26 00:00:00+00:00,1821661.0,Thursday
2016-05-27 00:00:00+00:00,1736188.0,Friday
2016-05-28 00:00:00+00:00,1566601.0,Saturday
2016-05-29 00:00:00+00:00,1493214.0,Sunday
2016-05-30 00:00:00+00:00,1545061.0,Monday
2016-05-31 00:00:00+00:00,1720166.0,Tuesday
2016-06-01 00:00:00+00:00,1764075.0,Wednesday
2016-06-02 00:00:00+00:00,1765315.0,Thursday
2016-06-03 00:00:00+00:00,1762255.0,Friday
2016-06-04 00:00:00+00:00,1595968.0,Saturday
2016-06-05 00:00:00+00:00,1533673.0,Sunday
2016-06-06 00:00:00+00:00,1760837.0,Monday
2016-06-07 00:00:00+00:00,1786883.0,Tuesday
2016-06-08 00:00:00+00:00,1801807.0,Wednesday
2016-06-09 00:00:00+00:00,1766350.0,Thursday
2016-06-10 00:00:00+00:00,1744869.0,Friday
2016-06-11 00:00:00+00:00,1592783.0,Saturday
2016-06-12 00:00:00+00:00,1583510.0,Sunday
2016-06-13 00:00:00+00:00,1759670.0,Monday
2016-06-14 00:00:00+00:00,1769651.0,Tuesday
2016-06-15 00:00:00+00:00,1744077.0,Wednesday
2016-06-16 00:00:00+00:00,1758065.0,Thursday
2016-06-17 00:00:00+00:00,1726048.0,Friday
2016-06-18 00:00:00+00:00,1601563.0,Saturday
2016-06-19 00:00:00+00:00,1527115.0,Sunday
2016-06-20 00:00:00+00:00,1709650.0,Monday
2016-06-21 00:00:00+00:00,1748853.0,Tuesday
2016-06-22 00:00:00+00:00,1759041.0,Wednesday
2016-06-23 00:00:00+00:00,1774805.0,Thursday
2016-06-24 00:00:00+00:00,1737079.0,Friday
2016-06-25 00:00:00+00:00,1577170.0,Saturday
2016-06-26 00:00:00+00:00,1534462.0,Sunday
2016-06-27 00:00:00+00:00,1685416.0,Monday
2016-06-28 00:00:00+00:00,1751109.0,Tuesday
2016-06-29 00:00:00+00:00,1756811.0,Wednesday
2016-06-30 00:00:00+00:00,1749302.0,Thursday
2016-07-01 00:00:00+00:00,1682590.0,Friday
2016-07-02 00:00:00+00:00,1500991.0,Saturday
2016-07-03 00:00:00+00:00,1477798.0,Sunday
2016-07-04 00:00:00+00:00,1697610.0,Monday
2016-07-05 00:00:00+00:00,1707488.0,Tuesday
2016-07-06 00:00:00+00:00,1693448.0,Wednesday
2016-07-07 00:00:00+00:00,1708911.0,Thursday
2016-07-08 00:00:00+00:00,1650541.0,Friday
2016-07-09 00:00:00+00:00,1499938.0,Saturday
2016-07-10 00:00:00+00:00,1454181.0,Sunday
2016-07-11 00:00:00+00:00,1684861.0,Monday
2016-07-12 00:00:00+00:00,1757869.0,Tuesday
2016-07-13 00:00:00+00:00,1726482.0,Wednesday
2016-07-14 00:00:00+00:00,1721177.0,Thursday
2016-07-15 00:00:00+00:00,1666983.0,Friday
2016-07-16 00:00:00+00:00,1510024.0,Saturday
2016-07-17 00:00:00+00:00,1472990.0,Sunday
2016-07-18 00:00:00+00:00,1716795.0,Monday
2016-07-19 00:00:00+00:00,1770633.0,Tuesday
2016-07-20 00:00:00+00:00,1789728.0,Wednesday
2016-07-21 00:00:00+00:00,1747477.0,Thursday
2016-07-22 00:00:00+00:00,1709820.0,Friday
2016-07-23 00:00:00+00:00,1564674.0,Saturday
2016-07-24 00:00:00+00:00,1529583.0,Sunday
2016-07-25 00:00:00+00:00,1677001.0,Monday
2016-07-26 00:00:00+00:00,1709925.0,Tuesday
2016-07-27 00:00:00+00:00,1699640.0,Wednesday
2016-07-28 00:00:00+00:00,1711775.0,Thursday
2016-07-29 00:00:00+00:00,1675537.0,Friday
2016-07-30 00:00:00+00:00,1493725.0,Saturday
2016-07-31 00:00:00+00:00,1439215.0,Sunday
2016-08-01 00:00:00+00:00,1697593.0,Monday
2016-08-02 00:00:00+00:00,1722789.0,Tuesday
2016-08-03 00:00:00+00:00,1658736.0,Wednesday
2016-08-04 00:00:00+00:00,1671689.0,Thursday
2016-08-05 00:00:00+00:00,1664330.0,Friday
2016-08-06 00:00:00+00:00,1503734.0,Saturday
2016-08-07 00:00:00+00:00,1362524.0,Sunday
2016-08-08 00:00:00+00:00,1607870.0,Monday
2016-08-09 00:00:00+00:00,1695822.0,Tuesday
2016-08-10 00:00:00+00:00,1729019.0,Wednesday
2016-08-11 00:00:00+00:00,1711971.0,Thursday
2016-08-12 00:00:00+00:00,1648222.0,Friday
2016-08-13 00:00:00+00:00,1499507.0,Saturday
2016-08-14 00:00:00+00:00,1522932.0,Sunday
2016-08-15 00:00:00+00:00,1686384.0,Monday
2016-08-16 00:00:00+00:00,1724115.0,Tuesday
2016-08-17 00:00:00+00:00,1720958.0,Wednesday
2016-08-18 00:00:00+00:00,1741472.0,Thursday
2016-08-19 00:00:00+00:00,1704015.0,Friday
2016-08-20 00:00:00+00:00,1435719.0,Saturday
2016-08-21 00:00:00+00:00,1419653.0,Sunday
2016-08-22 00:00:00+00:00,1672554.0,Monday
2016-08-23 00:00:00+00:00,1731727.0,Tuesday
2016-08-24 00:00:00+00:00,1750070.0,Wednesday
2016-08-25 00:00:00+00:00,1769392.0,Thursday
2016-08-26 00:00:00+00:00,1634584.0,Friday
2016-08-27 00:00:00+00:00,1547410.0,Saturday
2016-08-28 00:00:00+00:00,1511761.0,Sunday
2016-08-29 00:00:00+00:00,1428382.0,Monday
2016-08-30 00:00:00+00:00,1643137.0,Tuesday
2016-08-31 00:00:00+00:00,1661704.0,Wednesday
2016-09-01 00:00:00+00:00,1617538.0,Thursday
2016-09-02 00:00:00+00:00,1623363.0,Friday
2016-09-03 00:00:00+00:00,1543961.0,Saturday
2016-09-04 00:00:00+00:00,1507698.0,Sunday
2016-09-05 00:00:00+00:00,1699831.0,Monday
2016-09-06 00:00:00+00:00,1773280.0,Tuesday
2016-09-07 00:00:00+00:00,1816234.0,Wednesday
2016-09-08 00:00:00+00:00,1714099.0,Thursday
2016-09-09 00:00:00+00:00,1609375.0,Friday
2016-09-10 00:00:00+00:00,1579002.0,Saturday
2016-09-11 00:00:00+00:00,1459901.0,Sunday
2016-09-12 00:00:00+00:00,1661509.0,Monday
2016-09-13 00:00:00+00:00,1778065.0,Tuesday
2016-09-14 00:00:00+00:00,1777447.0,Wednesday
2016-09-15 00:00:00+00:00,1791924.0,Thursday
2016-09-16 00:00:00+00:00,1676815.0,Friday
2016-09-17 00:00:00+00:00,1537285.0,Saturday
2016-09-18 00:00:00+00:00,1521801.0,Sunday
2016-09-19 00:00:00+00:00,1687107.0,Monday
2016-09-20 00:00:00+00:00,1720318.0,Tuesday
2016-09-21 00:00:00+00:00,1717120.0,Wednesday
2016-09-22 00:00:00+00:00,1702255.0,Thursday
2016-09-23 00:00:00+00:00,1644799.0,Friday
2016-09-24 00:00:00+00:00,1484153.0,Saturday
2016-09-25 00:00:00+00:00,1430949.0,Sunday
2016-09-26 00:00:00+00:00,1724405.0,Monday
2016-09-27 00:00:00+00:00,1684272.0,Tuesday
2016-09-28 00:00:00+00:00,1689189.0,Wednesday
2016-09-29 00:00:00+00:00,1657687.0,Thursday
2016-09-30 00:00:00+00:00,1685722.0,Friday
2016-10-01 00:00:00+00:00,1624667.0,Saturday
2016-10-02 00:00:00+00:00,1557153.0,Sunday
2016-10-03 00:00:00+00:00,1731350.0,Monday
2016-10-04 00:00:00+00:00,1723864.0,Tuesday
2016-10-05 00:00:00+00:00,1692961.0,Wednesday
2016-10-06 00:00:00+00:00,1733087.0,Thursday
2016-10-07 00:00:00+00:00,1779249.0,Friday
2016-10-08 00:00:00+00:00,1594669.0,Saturday
2016-10-09 00:00:00+00:00,1522790.0,Sunday
2016-10-10 00:00:00+00:00,1741782.0,Monday
2016-10-11 00:00:00+00:00,1776643.0,Tuesday
2016-10-12 00:00:00+00:00,1768091.0,Wednesday
2016-10-13 00:00:00+00:00,1774290.0,Thursday
2016-10-14 00:00:00+00:00,1763409.0,Friday
2016-10-15 00:00:00+00:00,1649562.0,Saturday
2016-10-16 00:00:00+00:00,1595340.0,Sunday
2016-10-17 00:00:00+00:00,1727895.0,Monday
2016-10-18 00:00:00+00:00,1754749.0,Tuesday
2016-10-19 00:00:00+00:00,985373.0,Wednesday
2016-10-20 00:00:00+00:00,803655.0,Thursday
2016-10-21 00:00:00+00:00,1789934.0,Friday
2016-10-22 00:00:00+00:00,1605457.0,Saturday
2016-10-23 00:00:00+00:00,1614034.0,Sunday
2016-10-24 00:00:00+00:00,1825974.0,Monday
2016-10-25 00:00:00+00:00,1856445.0,Tuesday
2016-10-26 00:00:00+00:00,1747944.0,Wednesday
2016-10-27 00:00:00+00:00,1740670.0,Thursday
2016-10-28 00:00:00+00:00,1762278.0,Friday
2016-10-29 00:00:00+00:00,1466907.0,Saturday
2016-10-30 00:00:00+00:00,1636900.0,Sunday
2016-10-31 00:00:00+00:00,1850605.0,Monday
2016-11-01 00:00:00+00:00,1968135.0,Tuesday
2016-11-02 00:00:00+00:00,1869666.0,Wednesday
2016-11-03 00:00:00+00:00,1948465.0,Thursday
2016-11-04 00:00:00+00:00,1919180.0,Friday
2016-11-05 00:00:00+00:00,1776858.0,Saturday
2016-11-06 00:00:00+00:00,1790500.0,Sunday
2016-11-07 00:00:00+00:00,1948488.0,Monday
2016-11-08 00:00:00+00:00,2092911.0,Tuesday
2016-11-09 00:00:00+00:00,2063749.0,Wednesday
2016-11-10 00:00:00+00:00,1961570.0,Thursday
2016-11-11 00:00:00+00:00,1962706.0,Friday
2016-11-12 00:00:00+00:00,1799378.0,Saturday
2016-11-13 00:00:00+00:00,1751575.0,Sunday
2016-11-14 00:00:00+00:00,1874746.0,Monday
2016-11-15 00:00:00+00:00,1861670.0,Tuesday
2016-11-16 00:00:00+00:00,1823318.0,Wednesday
2016-11-17 00:00:00+00:00,628896.0,Thursday
2016-11-18 00:00:00+00:00,1995768.0,Friday
2016-11-19 00:00:00+00:00,1924415.0,Saturday
2016-11-20 00:00:00+00:00,1884737.0,Sunday
2016-11-21 00:00:00+00:00,2082702.0,Monday
2016-11-22 00:00:00+00:00,2076784.0,Tuesday
2016-11-23 00:00:00+00:00,2106480.0,Wednesday
2016-11-24 00:00:00+00:00,2068666.0,Thursday
2016-11-25 00:00:00+00:00,2024845.0,Friday
2016-11-26 00:00:00+00:00,1949412.0,Saturday
2016-11-27 00:00:00+00:00,1894604.0,Sunday
2016-11-28 00:00:00+00:00,2070483.0,Monday
2016-11-29 00:00:00+00:00,2150294.0,Tuesday
2016-11-30 00:00:00+00:00,2103934.0,Wednesday
2016-12-01 00:00:00+00:00,2103386.0,Thursday
2016-12-02 00:00:00+00:00,2091759.0,Friday
2016-12-03 00:00:00+00:00,1933552.0,Saturday
2016-12-04 00:00:00+00:00,1915138.0,Sunday
2016-12-05 00:00:00+00:00,2162519.0,Monday
2016-12-06 00:00:00+00:00,2109156.0,Tuesday
2016-12-07 00:00:00+00:00,1971765.0,Wednesday
2016-12-08 00:00:00+00:00,1976372.0,Thursday
2016-12-09 00:00:00+00:00,1913594.0,Friday
2016-12-10 00:00:00+00:00,1807309.0,Saturday
2016-12-11 00:00:00+00:00,1779192.0,Sunday
2016-12-12 00:00:00+00:00,2026081.0,Monday
2016-12-13 00:00:00+00:00,1996032.0,Tuesday
2016-12-14 00:00:00+00:00,1898112.0,Wednesday
2016-12-15 00:00:00+00:00,1953581.0,Thursday
2016-12-16 00:00:00+00:00,1928715.0,Friday
2016-12-17 00:00:00+00:00,1830793.0,Saturday
2016-12-18 00:00:00+00:00,1839259.0,Sunday
2016-12-19 00:00:00+00:00,1979032.0,Monday
2016-12-20 00:00:00+00:00,1945614.0,Tuesday
2016-12-21 00:00:00+00:00,1978910.0,Wednesday
2016-12-22 00:00:00+00:00,1929381.0,Thursday
2016-12-23 00:00:00+00:00,1893868.0,Friday
2016-12-24 00:00:00+00:00,1777080.0,Saturday
2016-12-25 00:00:00+00:00,1555137.0,Sunday
2016-12-26 00:00:00+00:00,1564308.0,Monday
2016-12-27 00:00:00+00:00,1782516.0,Tuesday
2016-12-28 00:00:00+00:00,1918244.0,Wednesday
2016-12-29 00:00:00+00:00,1932350.0,Thursday
2016-12-30 00:00:00+00:00,1887848.0,Friday
2016-12-31 00:00:00+00:00,1774422.0,Saturday
2017-01-01 00:00:00+00:00,1607876.0,Sunday
2017-01-02 00:00:00+00:00,1697396.0,Monday
2017-01-03 00:00:00+00:00,1910839.0,Tuesday
2017-01-04 00:00:00+00:00,1927382.0,Wednesday
2017-01-05 00:00:00+00:00,2037220.0,Thursday
2017-01-06 00:00:00+00:00,1998157.0,Friday
2017-01-07 00:00:00+00:00,1753700.0,Saturday
2017-01-08 00:00:00+00:00,1700157.0,Sunday
2017-01-09 00:00:00+00:00,1855482.0,Monday
2017-01-10 00:00:00+00:00,1883886.0,Tuesday
2017-01-11 00:00:00+00:00,1879042.0,Wednesday
2017-01-12 00:00:00+00:00,1995370.0,Thursday
2017-01-13 00:00:00+00:00,1996153.0,Friday
2017-01-14 00:00:00+00:00,1840660.0,Saturday
2017-01-15 00:00:00+00:00,1765635.0,Sunday
2017-01-16 00:00:00+00:00,1918398.0,Monday
2017-01-17 00:00:00+00:00,1926025.0,Tuesday
2017-01-18 00:00:00+00:00,1962496.0,Wednesday
2017-01-19 00:00:00+00:00,1943301.0,Thursday
2017-01-20 00:00:00+00:00,1931463.0,Friday
2017-01-21 00:00:00+00:00,1846055.0,Saturday
2017-01-22 00:00:00+00:00,1824721.0,Sunday
2017-01-23 00:00:00+00:00,2026082.0,Monday
2017-01-24 00:00:00+00:00,1969061.0,Tuesday
2017-01-25 00:00:00+00:00,1965353.0,Wednesday
2017-01-26 00:00:00+00:00,2092777.0,Thursday
2017-01-27 00:00:00+00:00,2063988.0,Friday
2017-01-28 00:00:00+00:00,1827586.0,Saturday
2017-01-29 00:00:00+00:00,1813189.0,Sunday
2017-01-30 00:00:00+00:00,1983832.0,Monday
2017-01-31 00:00:00+00:00,1906377.0,Tuesday
2017-02-01 00:00:00+00:00,1937616.0,Wednesday
2017-02-02 00:00:00+00:00,1932779.0,Thursday
2017-02-03 00:00:00+00:00,1914278.0,Friday
2017-02-04 00:00:00+00:00,1790934.0,Saturday
2017-02-05 00:00:00+00:00,1809332.0,Sunday
2017-02-06 00:00:00+00:00,1979151.0,Monday
2017-02-07 00:00:00+00:00,1967714.0,Tuesday
2017-02-08 00:00:00+00:00,1989523.0,Wednesday
2017-02-09 00:00:00+00:00,2055059.0,Thursday
2017-02-10 00:00:00+00:00,2063284.0,Friday
2017-02-11 00:00:00+00:00,1933526.0,Saturday
2017-02-12 00:00:00+00:00,1891984.0,Sunday
2017-02-13 00:00:00+00:00,2002003.0,Monday
2017-02-14 00:00:00+00:00,2005387.0,Tuesday
2017-02-15 00:00:00+00:00,1964461.0,Wednesday
2017-02-16 00:00:00+00:00,1876856.0,Thursday
2017-02-17 00:00:00+00:00,1913749.0,Friday
2017-02-18 00:00:00+00:00,1715089.0,Saturday
2017-02-19 00:00:00+00:00,1684987.0,Sunday
2017-02-20 00:00:00+00:00,1742868.0,Monday
2017-02-21 00:00:00+00:00,1861370.0,Tuesday
2017-02-22 00:00:00+00:00,1838557.0,Wednesday
2017-02-23 00:00:00+00:00,1910285.0,Thursday
2017-02-24 00:00:00+00:00,1915943.0,Friday
2017-02-25 00:00:00+00:00,1718490.0,Saturday
2017-02-26 00:00:00+00:00,1698454.0,Sunday
2017-02-27 00:00:00+00:00,1964264.0,Monday
2017-02-28 00:00:00+00:00,2043152.0,Tuesday
2017-03-01 00:00:00+00:00,1993552.0,Wednesday
2017-03-02 00:00:00+00:00,1948227.0,Thursday
2017-03-03 00:00:00+00:00,1981086.0,Friday
2017-03-04 00:00:00+00:00,1780395.0,Saturday
2017-03-05 00:00:00+00:00,1770078.0,Sunday
2017-03-06 00:00:00+00:00,1957297.0,Monday
2017-03-07 00:00:00+00:00,1938396.0,Tuesday
2017-03-08 00:00:00+00:00,1917469.0,Wednesday
2017-03-09 00:00:00+00:00,1838773.0,Thursday
2017-03-10 00:00:00+00:00,1901935.0,Friday
2017-03-11 00:00:00+00:00,1721600.0,Saturday
2017-03-12 00:00:00+00:00,1677220.0,Sunday
2017-03-13 00:00:00+00:00,1863288.0,Monday
2017-03-14 00:00:00+00:00,1847198.0,Tuesday
2017-03-15 00:00:00+00:00,1840020.0,Wednesday
2017-03-16 00:00:00+00:00,1873308.0,Thursday
2017-03-17 00:00:00+00:00,1864418.0,Friday
2017-03-18 00:00:00+00:00,1669285.0,Saturday
2017-03-19 00:00:00+00:00,1565523.0,Sunday
2017-03-20 00:00:00+00:00,1827413.0,Monday
2017-03-21 00:00:00+00:00,1849382.0,Tuesday
2017-03-22 00:00:00+00:00,1916092.0,Wednesday
2017-03-23 00:00:00+00:00,1927185.0,Thursday
2017-03-24 00:00:00+00:00,1894130.0,Friday
2017-03-25 00:00:00+00:00,1697704.0,Saturday
2017-03-26 00:00:00+00:00,1473644.0,Sunday
2017-03-27 00:00:00+00:00,1892710.0,Monday
2017-03-28 00:00:00+00:00,1873558.0,Tuesday
2017-03-29 00:00:00+00:00,1843253.0,Wednesday
2017-03-30 00:00:00+00:00,1766376.0,Thursday
2017-03-31 00:00:00+00:00,1714099.0,Friday
2017-04-01 00:00:00+00:00,1619540.0,Saturday
2017-04-02 00:00:00+00:00,1580083.0,Sunday
2017-04-03 00:00:00+00:00,1759655.0,Monday
2017-04-04 00:00:00+00:00,1781926.0,Tuesday
2017-04-05 00:00:00+00:00,1747619.0,Wednesday
2017-04-06 00:00:00+00:00,1739948.0,Thursday
2017-04-07 00:00:00+00:00,1737324.0,Friday
2017-04-08 00:00:00+00:00,1569253.0,Saturday
2017-04-09 00:00:00+00:00,1495073.0,Sunday
2017-04-10 00:00:00+00:00,1688847.0,Monday
2017-04-11 00:00:00+00:00,1712245.0,Tuesday
2017-04-12 00:00:00+00:00,1720183.0,Wednesday
2017-04-13 00:00:00+00:00,1732648.0,Thursday
2017-04-14 00:00:00+00:00,1608525.0,Friday
2017-04-15 00:00:00+00:00,1482504.0,Saturday
2017-04-16 00:00:00+00:00,1487650.0,Sunday
2017-04-17 00:00:00+00:00,1584922.0,Monday
2017-04-18 00:00:00+00:00,1744592.0,Tuesday
2017-04-19 00:00:00+00:00,1758834.0,Wednesday
2017-04-20 00:00:00+00:00,1769199.0,Thursday
2017-04-21 00:00:00+00:00,1722670.0,Friday
2017-04-22 00:00:00+00:00,1558163.0,Saturday
2017-04-23 00:00:00+00:00,1516907.0,Sunday
2017-04-24 00:00:00+00:00,1764477.0,Monday
2017-04-25 00:00:00+00:00,1838359.0,Tuesday
2017-04-26 00:00:00+00:00,1859354.0,Wednesday
2017-04-27 00:00:00+00:00,1844348.0,Thursday
2017-04-28 00:00:00+00:00,1795794.0,Friday
2017-04-29 00:00:00+00:00,1603497.0,Saturday
2017-04-30 00:00:00+00:00,1492350.0,Sunday
2017-05-01 00:00:00+00:00,1589089.0,Monday
2017-05-02 00:00:00+00:00,1747626.0,Tuesday
2017-05-03 00:00:00+00:00,1743914.0,Wednesday
2017-05-04 00:00:00+00:00,1705243.0,Thursday
2017-05-05 00:00:00+00:00,1701735.0,Friday
2017-05-06 00:00:00+00:00,1555497.0,Saturday
2017-05-07 00:00:00+00:00,1510171.0,Sunday
2017-05-08 00:00:00+00:00,1745951.0,Monday
2017-05-09 00:00:00+00:00,1745928.0,Tuesday
2017-05-10 00:00:00+00:00,1716905.0,Wednesday
2017-05-11 00:00:00+00:00,1716872.0,Thursday
2017-05-12 00:00:00+00:00,1708317.0,Friday
2017-05-13 00:00:00+00:00,1489958.0,Saturday
2017-05-14 00:00:00+00:00,1455969.0,Sunday
2017-05-15 00:00:00+00:00,1641325.0,Monday
2017-05-16 00:00:00+00:00,1644029.0,Tuesday
2017-05-17 00:00:00+00:00,1690613.0,Wednesday
2017-05-18 00:00:00+00:00,1688122.0,Thursday
2017-05-19 00:00:00+00:00,1692893.0,Friday
2017-05-20 00:00:00+00:00,1503833.0,Saturday
2017-05-21 00:00:00+00:00,1460963.0,Sunday
2017-05-22 00:00:00+00:00,1655640.0,Monday
2017-05-23 00:00:00+00:00,1674299.0,Tuesday
2017-05-24 00:00:00+00:00,1659359.5,Wednesday
2017-05-25 00:00:00+00:00,1691464.0,Thursday
2017-05-26 00:00:00+00:00,1608507.0,Friday
2017-05-27 00:00:00+00:00,1405616.0,Saturday
2017-05-28 00:00:00+00:00,1374102.0,Sunday
2017-05-29 00:00:00+00:00,1431968.0,Monday
2017-05-30 00:00:00+00:00,1567458.0,Tuesday
2017-05-31 00:00:00+00:00,1622996.0,Wednesday
2017-06-01 00:00:00+00:00,1589804.0,Thursday
2017-06-02 00:00:00+00:00,1593183.0,Friday
2017-06-03 00:00:00+00:00,1417236.0,Saturday
2017-06-04 00:00:00+00:00,1376041.0,Sunday
2017-06-05 00:00:00+00:00,1609610.0,Monday
2017-06-06 00:00:00+00:00,1661349.0,Tuesday
2017-06-07 00:00:00+00:00,1619582.0,Wednesday
2017-06-08 00:00:00+00:00,1645522.0,Thursday
2017-06-09 00:00:00+00:00,1634250.0,Friday
2017-06-10 00:00:00+00:00,1437656.0,Saturday
2017-06-11 00:00:00+00:00,1353705.0,Sunday
2017-06-12 00:00:00+00:00,1564489.0,Monday
2017-06-13 00:00:00+00:00,1646786.0,Tuesday
2017-06-14 00:00:00+00:00,1644617.0,Wednesday
2017-06-15 00:00:00+00:00,1617968.0,Thursday
2017-06-16 00:00:00+00:00,1555842.0,Friday
2017-06-17 00:00:00+00:00,1470571.0,Saturday
2017-06-18 00:00:00+00:00,1439530.0,Sunday
2017-06-19 00:00:00+00:00,1661383.0,Monday
2017-06-20 00:00:00+00:00,1647189.0,Tuesday
2017-06-21 00:00:00+00:00,1635830.0,Wednesday
2017-06-22 00:00:00+00:00,1619283.0,Thursday
2017-06-23 00:00:00+00:00,1535292.0,Friday
2017-06-24 00:00:00+00:00,1380405.0,Saturday
2017-06-25 00:00:00+00:00,1333930.0,Sunday
2017-06-26 00:00:00+00:00,1567650.0,Monday
2017-06-27 00:00:00+00:00,1582960.0,Tuesday
2017-06-28 00:00:00+00:00,1612519.0,Wednesday
2017-06-29 00:00:00+00:00,1627299.0,Thursday
2017-06-30 00:00:00+00:00,1605585.0,Friday
2017-07-01 00:00:00+00:00,1419102.0,Saturday
2017-07-02 00:00:00+00:00,1364744.0,Sunday
2017-07-03 00:00:00+00:00,1581102.0,Monday
2017-07-04 00:00:00+00:00,1653181.0,Tuesday
2017-07-05 00:00:00+00:00,1661846.0,Wednesday
2017-07-06 00:00:00+00:00,1704202.0,Thursday
2017-07-07 00:00:00+00:00,1656748.0,Friday
2017-07-08 00:00:00+00:00,1460141.0,Saturday
2017-07-09 00:00:00+00:00,1426893.0,Sunday
2017-07-10 00:00:00+00:00,1643490.0,Monday
2017-07-11 00:00:00+00:00,1673132.0,Tuesday
2017-07-12 00:00:00+00:00,1635419.0,Wednesday
2017-07-13 00:00:00+00:00,1631670.0,Thursday
2017-07-14 00:00:00+00:00,1589553.0,Friday
2017-07-15 00:00:00+00:00,1428821.0,Saturday
2017-07-16 00:00:00+00:00,1409683.0,Sunday
2017-07-17 00:00:00+00:00,1591042.0,Monday
2017-07-18 00:00:00+00:00,1631544.0,Tuesday
2017-07-19 00:00:00+00:00,1711430.0,Wednesday
2017-07-20 00:00:00+00:00,1621136.0,Thursday
2017-07-21 00:00:00+00:00,1599664.0,Friday
2017-07-22 00:00:00+00:00,1447687.0,Saturday
2017-07-23 00:00:00+00:00,1412999.0,Sunday
2017-07-24 00:00:00+00:00,1563329.0,Monday
2017-07-25 00:00:00+00:00,1613580.0,Tuesday
2017-07-26 00:00:00+00:00,1597861.0,Wednesday
2017-07-27 00:00:00+00:00,1566677.0,Thursday
2017-07-28 00:00:00+00:00,1535810.0,Friday
2017-07-29 00:00:00+00:00,1401752.0,Saturday
2017-07-30 00:00:00+00:00,1355776.0,Sunday
2017-07-31 00:00:00+00:00,1544178.0,Monday
2017-08-01 00:00:00+00:00,1564016.0,Tuesday
2017-08-02 00:00:00+00:00,1583143.0,Wednesday
2017-08-03 00:00:00+00:00,1549807.0,Thursday
2017-08-04 00:00:00+00:00,1537752.0,Friday
2017-08-05 00:00:00+00:00,1406880.0,Saturday
2017-08-06 00:00:00+00:00,1356638.0,Sunday
2017-08-07 00:00:00+00:00,1570571.0,Monday
2017-08-08 00:00:00+00:00,1613852.0,Tuesday
2017-08-09 00:00:00+00:00,1615215.0,Wednesday
2017-08-10 00:00:00+00:00,1596140.0,Thursday
2017-08-11 00:00:00+00:00,1576727.0,Friday
2017-08-12 00:00:00+00:00,1424208.0,Saturday
2017-08-13 00:00:00+00:00,1379039.0,Sunday
2017-08-14 00:00:00+00:00,1601408.0,Monday
2017-08-15 00:00:00+00:00,1600337.0,Tuesday
2017-08-16 00:00:00+00:00,1604426.0,Wednesday
2017-08-17 00:00:00+00:00,1610820.0,Thursday
2017-08-18 00:00:00+00:00,1563215.0,Friday
2017-08-19 00:00:00+00:00,1345675.0,Saturday
2017-08-20 00:00:00+00:00,1398819.0,Sunday
2017-08-21 00:00:00+00:00,1628891.0,Monday
2017-08-22 00:00:00+00:00,1656293.0,Tuesday
2017-08-23 00:00:00+00:00,1652454.0,Wednesday
2017-08-24 00:00:00+00:00,1609530.0,Thursday
2017-08-25 00:00:00+00:00,1574671.0,Friday
2017-08-26 00:00:00+00:00,1457877.0,Saturday
2017-08-27 00:00:00+00:00,1401335.0,Sunday
2017-08-28 00:00:00+00:00,1402667.0,Monday
2017-08-29 00:00:00+00:00,1646188.0,Tuesday
2017-08-30 00:00:00+00:00,1651492.0,Wednesday
2017-08-31 00:00:00+00:00,1646237.0,Thursday
2017-09-01 00:00:00+00:00,1607818.0,Friday
2017-09-02 00:00:00+00:00,1467351.0,Saturday
2017-09-03 00:00:00+00:00,1431666.0,Sunday
2017-09-04 00:00:00+00:00,1659378.0,Monday
2017-09-05 00:00:00+00:00,1690765.0,Tuesday
2017-09-06 00:00:00+00:00,1651691.0,Wednesday
2017-09-07 00:00:00+00:00,1673332.0,Thursday
2017-09-08 00:00:00+00:00,1638306.0,Friday
2017-09-09 00:00:00+00:00,1496866.0,Saturday
2017-09-10 00:00:00+00:00,1446472.0,Sunday
2017-09-11 00:00:00+00:00,1579559.0,Monday
2017-09-12 00:00:00+00:00,1610002.0,Tuesday
2017-09-13 00:00:00+00:00,1633800.0,Wednesday
2017-09-14 00:00:00+00:00,1659321.0,Thursday
2017-09-15 00:00:00+00:00,1650246.0,Friday
2017-09-16 00:00:00+00:00,1506378.0,Saturday
2017-09-17 00:00:00+00:00,1466830.0,Sunday
2017-09-18 00:00:00+00:00,1626430.0,Monday
2017-09-19 00:00:00+00:00,1648210.0,Tuesday
2017-09-20 00:00:00+00:00,1616514.0,Wednesday
2017-09-21 00:00:00+00:00,1663638.0,Thursday
2017-09-22 00:00:00+00:00,1631149.5,Friday
2017-09-23 00:00:00+00:00,1487527.0,Saturday
2017-09-24 00:00:00+00:00,1462315.0,Sunday
2017-09-25 00:00:00+00:00,1677637.0,Monday
2017-09-26 00:00:00+00:00,1683125.0,Tuesday
2017-09-27 00:00:00+00:00,1667249.0,Wednesday
2017-09-28 00:00:00+00:00,1679953.0,Thursday
2017-09-29 00:00:00+00:00,1687898.0,Friday
2017-09-30 00:00:00+00:00,1552112.0,Saturday
2017-10-01 00:00:00+00:00,1485446.0,Sunday
2017-10-02 00:00:00+00:00,1560370.0,Monday
2017-10-03 00:00:00+00:00,1633718.0,Tuesday
2017-10-04 00:00:00+00:00,1618379.0,Wednesday
2017-10-05 00:00:00+00:00,1653413.0,Thursday
2017-10-06 00:00:00+00:00,1697728.0,Friday
2017-10-07 00:00:00+00:00,1518809.0,Saturday
2017-10-08 00:00:00+00:00,1545949.0,Sunday
2017-10-09 00:00:00+00:00,1653517.0,Monday
2017-10-10 00:00:00+00:00,1574626.0,Tuesday
2017-10-11 00:00:00+00:00,1596432.0,Wednesday
2017-10-12 00:00:00+00:00,1614401.0,Thursday
2017-10-13 00:00:00+00:00,1539777.0,Friday
2017-10-14 00:00:00+00:00,1520213.0,Saturday
2017-10-15 00:00:00+00:00,1479359.0,Sunday
2017-10-16 00:00:00+00:00,1626506.0,Monday
2017-10-17 00:00:00+00:00,1611422.0,Tuesday
2017-10-18 00:00:00+00:00,1658367.0,Wednesday
2017-10-19 00:00:00+00:00,1650989.0,Thursday
2017-10-20 00:00:00+00:00,1613557.0,Friday
2017-10-21 00:00:00+00:00,1524654.0,Saturday
2017-10-22 00:00:00+00:00,1493654.0,Sunday
2017-10-23 00:00:00+00:00,1660153.0,Monday
2017-10-24 00:00:00+00:00,1606384.0,Tuesday
2017-10-25 00:00:00+00:00,1571799.0,Wednesday
2017-10-26 00:00:00+00:00,1665698.0,Thursday
2017-10-27 00:00:00+00:00,1603102.0,Friday
2017-10-28 00:00:00+00:00,1514716.8,Saturday
2017-10-29 00:00:00+00:00,1514446.2,Sunday
2017-10-30 00:00:00+00:00,1747788.0,Monday
2017-10-31 00:00:00+00:00,1713139.0,Tuesday
2017-11-01 00:00:00+00:00,1792559.0,Wednesday
2017-11-02 00:00:00+00:00,1742926.5,Thursday
2017-11-03 00:00:00+00:00,1673634.0,Friday
2017-11-04 00:00:00+00:00,1673441.0,Saturday
2017-11-05 00:00:00+00:00,1654329.0,Sunday
2017-11-06 00:00:00+00:00,1789969.0,Monday
2017-11-07 00:00:00+00:00,1732632.0,Tuesday
2017-11-08 00:00:00+00:00,1738415.0,Wednesday
2017-11-09 00:00:00+00:00,1729487.0,Thursday
2017-11-10 00:00:00+00:00,1667584.0,Friday
2017-11-11 00:00:00+00:00,1681420.0,Saturday
2017-11-12 00:00:00+00:00,1693154.0,Sunday
2017-11-13 00:00:00+00:00,1878392.0,Monday
2017-11-14 00:00:00+00:00,1770661.0,Tuesday
2017-11-15 00:00:00+00:00,1739872.0,Wednesday
2017-11-16 00:00:00+00:00,1691780.0,Thursday
2017-11-17 00:00:00+00:00,1724790.0,Friday
2017-11-18 00:00:00+00:00,1604598.0,Saturday
2017-11-19 00:00:00+00:00,1682302.0,Sunday
2017-11-20 00:00:00+00:00,1743831.0,Monday
2017-11-21 00:00:00+00:00,1716789.0,Tuesday
2017-11-22 00:00:00+00:00,1737722.0,Wednesday
2017-11-23 00:00:00+00:00,1761371.0,Thursday
2017-11-24 00:00:00+00:00,1808549.0,Friday
2017-11-25 00:00:00+00:00,1794954.0,Saturday
2017-11-26 00:00:00+00:00,1783748.0,Sunday
2017-11-27 00:00:00+00:00,1852322.0,Monday
2017-11-28 00:00:00+00:00,1889592.0,Tuesday
2017-11-29 00:00:00+00:00,1857462.0,Wednesday
2017-11-30 00:00:00+00:00,1879032.0,Thursday
2017-12-01 00:00:00+00:00,1868987.0,Friday
2017-12-02 00:00:00+00:00,1753256.0,Saturday
2017-12-03 00:00:00+00:00,1686738.0,Sunday
2017-12-04 00:00:00+00:00,1813061.0,Monday
2017-12-05 00:00:00+00:00,1813118.0,Tuesday
2017-12-06 00:00:00+00:00,1777791.0,Wednesday
2017-12-07 00:00:00+00:00,1800624.0,Thursday
2017-12-08 00:00:00+00:00,1927699.0,Friday
2017-12-09 00:00:00+00:00,1831970.0,Saturday
2017-12-10 00:00:00+00:00,1948124.0,Sunday
2017-12-11 00:00:00+00:00,2111480.0,Monday
2017-12-12 00:00:00+00:00,2121481.0,Tuesday
2017-12-13 00:00:00+00:00,2067513.0,Wednesday
2017-12-14 00:00:00+00:00,2068981.0,Thursday
2017-12-15 00:00:00+00:00,2028688.0,Friday
2017-12-16 00:00:00+00:00,1973140.0,Saturday
2017-12-17 00:00:00+00:00,1900563.0,Sunday
2017-12-18 00:00:00+00:00,2003775.0,Monday
2017-12-19 00:00:00+00:00,1975898.0,Tuesday
2017-12-20 00:00:00+00:00,1887184.0,Wednesday
2017-12-21 00:00:00+00:00,1869423.0,Thursday
2017-12-22 00:00:00+00:00,1815771.0,Friday
2017-12-23 00:00:00+00:00,1688643.0,Saturday
2017-12-24 00:00:00+00:00,1589965.0,Sunday
2017-12-25 00:00:00+00:00,1494360.0,Monday
2017-12-26 00:00:00+00:00,1582418.0,Tuesday
2017-12-27 00:00:00+00:00,1802097.0,Wednesday
2017-12-28 00:00:00+00:00,1857923.0,Thursday
2017-12-29 00:00:00+00:00,1885823.0,Friday
2017-12-30 00:00:00+00:00,1744339.0,Saturday
2017-12-31 00:00:00+00:00,1626752.0,Sunday
2018-01-01 00:00:00+00:00,1639790.0,Monday
2018-01-02 00:00:00+00:00,1933013.0,Tuesday
2018-01-03 00:00:00+00:00,1957279.0,Wednesday
2018-01-04 00:00:00+00:00,2006999.0,Thursday
2018-01-05 00:00:00+00:00,2015679.0,Friday
2018-01-06 00:00:00+00:00,1907535.0,Saturday
2018-01-07 00:00:00+00:00,1877077.0,Sunday
2018-01-08 00:00:00+00:00,2136040.0,Monday
2018-01-09 00:00:00+00:00,2127908.0,Tuesday
2018-01-10 00:00:00+00:00,2065956.0,Wednesday
2018-01-11 00:00:00+00:00,2077221.0,Thursday
2018-01-12 00:00:00+00:00,2077159.0,Friday
2018-01-13 00:00:00+00:00,1882256.0,Saturday
2018-01-14 00:00:00+00:00,1856491.0,Sunday
2018-01-15 00:00:00+00:00,2004482.0,Monday
2018-01-16 00:00:00+00:00,2072372.0,Tuesday
2018-01-17 00:00:00+00:00,2100446.0,Wednesday
2018-01-18 00:00:00+00:00,2092505.0,Thursday
2018-01-19 00:00:00+00:00,2090409.0,Friday
2018-01-20 00:00:00+00:00,1951101.0,Saturday
2018-01-21 00:00:00+00:00,1951918.0,Sunday
2018-01-22 00:00:00+00:00,2011733.0,Monday
2018-01-23 00:00:00+00:00,1964864.0,Tuesday
2018-01-24 00:00:00+00:00,1972601.0,Wednesday
2018-01-25 00:00:00+00:00,1997321.0,Thursday
2018-01-26 00:00:00+00:00,2007323.0,Friday
2018-01-27 00:00:00+00:00,1813583.0,Saturday
2018-01-28 00:00:00+00:00,1726722.0,Sunday
2018-01-29 00:00:00+00:00,1915431.0,Monday
2018-01-30 00:00:00+00:00,2016806.0,Tuesday
2018-01-31 00:00:00+00:00,2006172.0,Wednesday
2018-02-01 00:00:00+00:00,2038916.0,Thursday
2018-02-02 00:00:00+00:00,2010518.0,Friday
2018-02-03 00:00:00+00:00,1930687.0,Saturday
2018-02-04 00:00:00+00:00,1864913.0,Sunday
2018-02-05 00:00:00+00:00,2105710.0,Monday
2018-02-06 00:00:00+00:00,2119049.0,Tuesday
2018-02-07 00:00:00+00:00,2099029.0,Wednesday
2018-02-08 00:00:00+00:00,2034725.0,Thursday
2018-02-09 00:00:00+00:00,2043655.0,Friday
2018-02-10 00:00:00+00:00,1900669.0,Saturday
2018-02-11 00:00:00+00:00,1819193.0,Sunday
2018-02-12 00:00:00+00:00,2053279.0,Monday
2018-02-13 00:00:00+00:00,2073126.0,Tuesday
2018-02-14 00:00:00+00:00,2089263.0,Wednesday
2018-02-15 00:00:00+00:00,1991812.0,Thursday
2018-02-16 00:00:00+00:00,2000604.0,Friday
2018-02-17 00:00:00+00:00,1822314.0,Saturday
2018-02-18 00:00:00+00:00,1818243.0,Sunday
2018-02-19 00:00:00+00:00,1955711.0,Monday
2018-02-20 00:00:00+00:00,1910190.0,Tuesday
2018-02-21 00:00:00+00:00,2011077.0,Wednesday
2018-02-22 00:00:00+00:00,2056116.0,Thursday
2018-02-23 00:00:00+00:00,2074721.0,Friday
2018-02-24 00:00:00+00:00,1874717.0,Saturday
2018-02-25 00:00:00+00:00,1876184.0,Sunday
2018-02-26 00:00:00+00:00,2125689.0,Monday
2018-02-27 00:00:00+00:00,2082320.0,Tuesday
2018-02-28 00:00:00+00:00,2102230.0,Wednesday
2018-03-01 00:00:00+00:00,2223684.0,Thursday
2018-03-02 00:00:00+00:00,2222444.0,Friday
2018-03-03 00:00:00+00:00,2056287.0,Saturday
2018-03-04 00:00:00+00:00,1953394.0,Sunday
2018-03-05 00:00:00+00:00,2074981.0,Monday
2018-03-06 00:00:00+00:00,2040121.0,Tuesday
2018-03-07 00:00:00+00:00,2031767.0,Wednesday
2018-03-08 00:00:00+00:00,2014801.0,Thursday
2018-03-09 00:00:00+00:00,1997204.0,Friday
2018-03-10 00:00:00+00:00,1780778.0,Saturday
2018-03-11 00:00:00+00:00,1705473.0,Sunday
2018-03-12 00:00:00+00:00,1946995.0,Monday
2018-03-13 00:00:00+00:00,1953411.0,Tuesday
2018-03-14 00:00:00+00:00,1909176.0,Wednesday
2018-03-15 00:00:00+00:00,1901160.0,Thursday
2018-03-16 00:00:00+00:00,1854889.0,Friday
2018-03-17 00:00:00+00:00,1850411.0,Saturday
2018-03-18 00:00:00+00:00,1917863.0,Sunday
2018-03-19 00:00:00+00:00,2079968.0,Monday
2018-03-20 00:00:00+00:00,2068117.0,Tuesday
2018-03-21 00:00:00+00:00,1958971.0,Wednesday
2018-03-22 00:00:00+00:00,1841316.0,Thursday
2018-03-23 00:00:00+00:00,1812400.0,Friday
2018-03-24 00:00:00+00:00,1750899.0,Saturday
2018-03-25 00:00:00+00:00,1668537.0,Sunday
2018-03-26 00:00:00+00:00,1862428.0,Monday
2018-03-27 00:00:00+00:00,1881715.0,Tuesday
2018-03-28 00:00:00+00:00,1922497.0,Wednesday
2018-03-29 00:00:00+00:00,1904862.0,Thursday
2018-03-30 00:00:00+00:00,1770825.0,Friday
2018-03-31 00:00:00+00:00,1689687.0,Saturday
2018-04-01 00:00:00+00:00,1678073.0,Sunday
2018-04-02 00:00:00+00:00,1717370.0,Monday
2018-04-03 00:00:00+00:00,1822886.0,Tuesday
2018-04-04 00:00:00+00:00,1865397.0,Wednesday
2018-04-05 00:00:00+00:00,1844522.0,Thursday
2018-04-06 00:00:00+00:00,1775787.0,Friday
2018-04-07 00:00:00+00:00,1640922.0,Saturday
2018-04-08 00:00:00+00:00,1606126.0,Sunday
2018-04-09 00:00:00+00:00,1814339.0,Monday
2018-04-10 00:00:00+00:00,1863693.0,Tuesday
2018-04-11 00:00:00+00:00,1854427.0,Wednesday
2018-04-12 00:00:00+00:00,1881951.0,Thursday
2018-04-13 00:00:00+00:00,1837643.0,Friday
2018-04-14 00:00:00+00:00,1639544.0,Saturday
2018-04-15 00:00:00+00:00,1610551.0,Sunday
2018-04-16 00:00:00+00:00,1734849.0,Monday
2018-04-17 00:00:00+00:00,1700957.0,Tuesday
2018-04-18 00:00:00+00:00,1696097.0,Wednesday
2018-04-19 00:00:00+00:00,1676620.0,Thursday
2018-04-20 00:00:00+00:00,1644778.0,Friday
2018-04-21 00:00:00+00:00,1482096.0,Saturday
2018-04-22 00:00:00+00:00,1440271.0,Sunday
2018-04-23 00:00:00+00:00,1610306.0,Monday
2018-04-24 00:00:00+00:00,1689721.0,Tuesday
2018-04-25 00:00:00+00:00,1690621.0,Wednesday
2018-04-26 00:00:00+00:00,1668010.0,Thursday
2018-04-27 00:00:00+00:00,1742406.0,Friday
2018-04-28 00:00:00+00:00,1613287.0,Saturday
2018-04-29 00:00:00+00:00,1565020.0,Sunday
2018-04-30 00:00:00+00:00,1771549.0,Monday
2018-05-01 00:00:00+00:00,1738548.0,Tuesday
2018-05-02 00:00:00+00:00,1741574.0,Wednesday
2018-05-03 00:00:00+00:00,1729674.0,Thursday
2018-05-04 00:00:00+00:00,1674378.0,Friday
2018-05-05 00:00:00+00:00,1489509.0,Saturday
2018-05-06 00:00:00+00:00,1400551.0,Sunday
2018-05-07 00:00:00+00:00,1459319.0,Monday
2018-05-08 00:00:00+00:00,1648864.0,Tuesday
2018-05-09 00:00:00+00:00,1659994.0,Wednesday
2018-05-10 00:00:00+00:00,1650140.0,Thursday
2018-05-11 00:00:00+00:00,1609623.0,Friday
2018-05-12 00:00:00+00:00,1533684.0,Saturday
2018-05-13 00:00:00+00:00,1480261.0,Sunday
2018-05-14 00:00:00+00:00,1601828.0,Monday
2018-05-15 00:00:00+00:00,1619059.0,Tuesday
2018-05-16 00:00:00+00:00,1595563.0,Wednesday
2018-05-17 00:00:00+00:00,1650744.0,Thursday
2018-05-18 00:00:00+00:00,1624338.0,Friday
2018-05-19 00:00:00+00:00,1436623.0,Saturday
2018-05-20 00:00:00+00:00,1409729.0,Sunday
2018-05-21 00:00:00+00:00,1628862.0,Monday
2018-05-22 00:00:00+00:00,1589016.0,Tuesday
2018-05-23 00:00:00+00:00,1637536.0,Wednesday
2018-05-24 00:00:00+00:00,1667531.0,Thursday
2018-05-25 00:00:00+00:00,1632589.0,Friday
2018-05-26 00:00:00+00:00,1411334.0,Saturday
2018-05-27 00:00:00+00:00,1347531.0,Sunday
2018-05-28 00:00:00+00:00,1418535.0,Monday
2018-05-29 00:00:00+00:00,1570709.0,Tuesday
2018-05-30 00:00:00+00:00,1602852.0,Wednesday
2018-05-31 00:00:00+00:00,1604523.0,Thursday
2018-06-01 00:00:00+00:00,1602028.0,Friday
2018-06-02 00:00:00+00:00,1469812.0,Saturday
2018-06-03 00:00:00+00:00,1429336.0,Sunday
2018-06-04 00:00:00+00:00,1628202.0,Monday
2018-06-05 00:00:00+00:00,1609377.0,Tuesday
2018-06-06 00:00:00+00:00,1613430.0,Wednesday
2018-06-07 00:00:00+00:00,1621867.0,Thursday
2018-06-08 00:00:00+00:00,1592414.0,Friday
2018-06-09 00:00:00+00:00,1428477.0,Saturday
2018-06-10 00:00:00+00:00,1422947.0,Sunday
2018-06-11 00:00:00+00:00,1587682.0,Monday
2018-06-12 00:00:00+00:00,1613913.0,Tuesday
2018-06-13 00:00:00+00:00,1579320.0,Wednesday
2018-06-14 00:00:00+00:00,1524855.0,Thursday
2018-06-15 00:00:00+00:00,1574063.0,Friday
2018-06-16 00:00:00+00:00,1443409.0,Saturday
2018-06-17 00:00:00+00:00,1402874.0,Sunday
2018-06-18 00:00:00+00:00,1570381.0,Monday
2018-06-19 00:00:00+00:00,1610965.0,Tuesday
2018-06-20 00:00:00+00:00,1561728.0,Wednesday
2018-06-21 00:00:00+00:00,1535081.0,Thursday
2018-06-22 00:00:00+00:00,1537334.0,Friday
2018-06-23 00:00:00+00:00,1398854.0,Saturday
2018-06-24 00:00:00+00:00,1370045.0,Sunday
2018-06-25 00:00:00+00:00,1590430.0,Monday
2018-06-26 00:00:00+00:00,1625877.0,Tuesday
2018-06-27 00:00:00+00:00,1598861.0,Wednesday
2018-06-28 00:00:00+00:00,1557997.0,Thursday
2018-06-29 00:00:00+00:00,1572412.0,Friday
2018-06-30 00:00:00+00:00,1443073.0,Saturday
2018-07-01 00:00:00+00:00,1432172.0,Sunday
2018-07-02 00:00:00+00:00,1589582.0,Monday
2018-07-03 00:00:00+00:00,1597548.0,Tuesday
2018-07-04 00:00:00+00:00,1613239.0,Wednesday
2018-07-05 00:00:00+00:00,1666163.0,Thursday
2018-07-06 00:00:00+00:00,1610725.0,Friday
2018-07-07 00:00:00+00:00,1499626.0,Saturday
2018-07-08 00:00:00+00:00,1470344.0,Sunday
2018-07-09 00:00:00+00:00,1669490.0,Monday
2018-07-10 00:00:00+00:00,1657794.0,Tuesday
2018-07-11 00:00:00+00:00,1640806.0,Wednesday
2018-07-12 00:00:00+00:00,1642613.0,Thursday
2018-07-13 00:00:00+00:00,1611916.0,Friday
2018-07-14 00:00:00+00:00,1474378.0,Saturday
2018-07-15 00:00:00+00:00,1452079.0,Sunday
2018-07-16 00:00:00+00:00,1658406.0,Monday
2018-07-17 00:00:00+00:00,1640303.0,Tuesday
2018-07-18 00:00:00+00:00,1649584.0,Wednesday
2018-07-19 00:00:00+00:00,1660139.0,Thursday
2018-07-20 00:00:00+00:00,1610413.0,Friday
2018-07-21 00:00:00+00:00,1457037.0,Saturday
2018-07-22 00:00:00+00:00,1436808.0,Sunday
2018-07-23 00:00:00+00:00,1663193.0,Monday
2018-07-24 00:00:00+00:00,1645979.0,Tuesday
2018-07-25 00:00:00+00:00,1645034.0,Wednesday
2018-07-26 00:00:00+00:00,1660843.0,Thursday
2018-07-27 00:00:00+00:00,1599700.0,Friday
2018-07-28 00:00:00+00:00,1303803.0,Saturday
2018-07-29 00:00:00+00:00,1289673.0,Sunday
2018-07-30 00:00:00+00:00,1572566.0,Monday
2018-07-31 00:00:00+00:00,1583826.0,Tuesday
2018-08-01 00:00:00+00:00,1568735.0,Wednesday
2018-08-02 00:00:00+00:00,1598160.0,Thursday
2018-08-03 00:00:00+00:00,1576431.0,Friday
2018-08-04 00:00:00+00:00,1452904.0,Saturday
2018-08-05 00:00:00+00:00,1415912.0,Sunday
2018-08-06 00:00:00+00:00,1547001.0,Monday
2018-08-07 00:00:00+00:00,1567358.0,Tuesday
2018-08-08 00:00:00+00:00,1589917.0,Wednesday
2018-08-09 00:00:00+00:00,1602979.0,Thursday
2018-08-10 00:00:00+00:00,1553183.0,Friday
2018-08-11 00:00:00+00:00,1428793.0,Saturday
2018-08-12 00:00:00+00:00,1400959.0,Sunday
2018-08-13 00:00:00+00:00,1588430.0,Monday
2018-08-14 00:00:00+00:00,1580034.0,Tuesday
2018-08-15 00:00:00+00:00,1585393.0,Wednesday
2018-08-16 00:00:00+00:00,1590754.0,Thursday
2018-08-17 00:00:00+00:00,1567834.0,Friday
2018-08-18 00:00:00+00:00,1394665.0,Saturday
2018-08-19 00:00:00+00:00,1388300.0,Sunday
2018-08-20 00:00:00+00:00,1580448.0,Monday
2018-08-21 00:00:00+00:00,1582392.0,Tuesday
2018-08-22 00:00:00+00:00,1584482.0,Wednesday
2018-08-23 00:00:00+00:00,1569922.0,Thursday
2018-08-24 00:00:00+00:00,1524067.0,Friday
2018-08-25 00:00:00+00:00,1391533.0,Saturday
2018-08-26 00:00:00+00:00,1392272.0,Sunday
2018-08-27 00:00:00+00:00,1328039.0,Monday
2018-08-28 00:00:00+00:00,1560088.0,Tuesday
2018-08-29 00:00:00+00:00,1584129.0,Wednesday
2018-08-30 00:00:00+00:00,1596292.0,Thursday
2018-08-31 00:00:00+00:00,1554798.0,Friday
2018-09-01 00:00:00+00:00,1438807.0,Saturday
2018-09-02 00:00:00+00:00,1403627.0,Sunday
2018-09-03 00:00:00+00:00,1546287.0,Monday
2018-09-04 00:00:00+00:00,1554548.0,Tuesday
2018-09-05 00:00:00+00:00,1579998.0,Wednesday
2018-09-06 00:00:00+00:00,1575936.0,Thursday
2018-09-07 00:00:00+00:00,1542179.0,Friday
2018-09-08 00:00:00+00:00,1440590.5,Saturday
2018-09-09 00:00:00+00:00,1360458.0,Sunday
2018-09-10 00:00:00+00:00,1531757.0,Monday
2018-09-11 00:00:00+00:00,1545746.0,Tuesday
2018-09-12 00:00:00+00:00,1612748.0,Wednesday
2018-09-13 00:00:00+00:00,1549027.0,Thursday
2018-09-14 00:00:00+00:00,1540347.0,Friday
2018-09-15 00:00:00+00:00,1482658.0,Saturday
2018-09-16 00:00:00+00:00,1336569.0,Sunday
2018-09-17 00:00:00+00:00,1565690.0,Monday
2018-09-18 00:00:00+00:00,1533600.0,Tuesday
2018-09-19 00:00:00+00:00,1540701.0,Wednesday
2018-09-20 00:00:00+00:00,1617600.0,Thursday
2018-09-21 00:00:00+00:00,1514988.0,Friday
2018-09-22 00:00:00+00:00,1503179.0,Saturday
2018-09-23 00:00:00+00:00,1522838.0,Sunday
2018-09-24 00:00:00+00:00,1677625.0,Monday
2018-09-25 00:00:00+00:00,1706363.0,Tuesday
2018-09-26 00:00:00+00:00,1658713.0,Wednesday
2018-09-27 00:00:00+00:00,1660441.5,Thursday
2018-09-28 00:00:00+00:00,1643009.0,Friday
2018-09-29 00:00:00+00:00,1476111.0,Saturday
2018-09-30 00:00:00+00:00,1490255.0,Sunday
2018-10-01 00:00:00+00:00,1681272.0,Monday
2018-10-02 00:00:00+00:00,1578990.0,Tuesday
2018-10-03 00:00:00+00:00,1681822.0,Wednesday
2018-10-04 00:00:00+00:00,1640977.0,Thursday
2018-10-05 00:00:00+00:00,1657790.0,Friday
2018-10-06 00:00:00+00:00,1538116.0,Saturday
2018-10-07 00:00:00+00:00,1526323.0,Sunday
2018-10-08 00:00:00+00:00,1650071.0,Monday
2018-10-09 00:00:00+00:00,1608098.0,Tuesday
2018-10-10 00:00:00+00:00,1702876.0,Wednesday
2018-10-11 00:00:00+00:00,1641101.0,Thursday
2018-10-12 00:00:00+00:00,1604842.0,Friday
2018-10-13 00:00:00+00:00,1443732.0,Saturday
2018-10-14 00:00:00+00:00,1512449.0,Sunday
2018-10-15 00:00:00+00:00,1688887.0,Monday
2018-10-16 00:00:00+00:00,1672583.0,Tuesday
2018-10-17 00:00:00+00:00,1649127.0,Wednesday
2018-10-18 00:00:00+00:00,1719919.0,Thursday
2018-10-19 00:00:00+00:00,1654540.0,Friday
2018-10-20 00:00:00+00:00,1558803.0,Saturday
2018-10-21 00:00:00+00:00,1505489.0,Sunday
2018-10-22 00:00:00+00:00,1690873.0,Monday
2018-10-23 00:00:00+00:00,1674611.0,Tuesday
2018-10-24 00:00:00+00:00,1651317.0,Wednesday
2018-10-25 00:00:00+00:00,1681080.0,Thursday
2018-10-26 00:00:00+00:00,1677375.0,Friday
2018-10-27 00:00:00+00:00,1647692.6,Saturday
2018-10-28 00:00:00+00:00,1653764.4,Sunday
2018-10-29 00:00:00+00:00,1852503.0,Monday
2018-10-30 00:00:00+00:00,1841487.5,Tuesday
2018-10-31 00:00:00+00:00,1821500.0,Wednesday
2018-11-01 00:00:00+00:00,1875735.0,Thursday
2018-11-02 00:00:00+00:00,1825971.0,Friday
2018-11-03 00:00:00+00:00,1591914.0,Saturday
2018-11-04 00:00:00+00:00,1624974.0,Sunday
2018-11-05 00:00:00+00:00,1760330.0,Monday
2018-11-06 00:00:00+00:00,1785964.0,Tuesday
2018-11-07 00:00:00+00:00,1795613.0,Wednesday
2018-11-08 00:00:00+00:00,1797652.0,Thursday
2018-11-09 00:00:00+00:00,1829835.0,Friday
2018-11-10 00:00:00+00:00,1652066.0,Saturday
2018-11-11 00:00:00+00:00,1661670.0,Sunday
2018-11-12 00:00:00+00:00,1746574.0,Monday
2018-11-13 00:00:00+00:00,1800406.0,Tuesday
2018-11-14 00:00:00+00:00,1790974.0,Wednesday
2018-11-15 00:00:00+00:00,1821873.0,Thursday
2018-11-16 00:00:00+00:00,1825752.0,Friday
2018-11-17 00:00:00+00:00,1705346.0,Saturday
2018-11-18 00:00:00+00:00,1692481.0,Sunday
2018-11-19 00:00:00+00:00,1793833.0,Monday
2018-11-20 00:00:00+00:00,1854704.0,Tuesday
2018-11-21 00:00:00+00:00,1850090.0,Wednesday
2018-11-22 00:00:00+00:00,1910405.0,Thursday
2018-11-23 00:00:00+00:00,1839307.0,Friday
2018-11-24 00:00:00+00:00,1788169.0,Saturday
2018-11-25 00:00:00+00:00,1785894.0,Sunday
2018-11-26 00:00:00+00:00,1895839.0,Monday
2018-11-27 00:00:00+00:00,1930834.0,Tuesday
2018-11-28 00:00:00+00:00,1935394.0,Wednesday
2018-11-29 00:00:00+00:00,1861008.0,Thursday
2018-11-30 00:00:00+00:00,1778279.0,Friday
2018-12-01 00:00:00+00:00,1744102.0,Saturday
2018-12-02 00:00:00+00:00,1625291.0,Sunday
2018-12-03 00:00:00+00:00,1808641.0,Monday
2018-12-04 00:00:00+00:00,1973295.0,Tuesday
2018-12-05 00:00:00+00:00,1980298.0,Wednesday
2018-12-06 00:00:00+00:00,1904036.0,Thursday
2018-12-07 00:00:00+00:00,1835183.0,Friday
2018-12-08 00:00:00+00:00,1694672.0,Saturday
2018-12-09 00:00:00+00:00,1715998.0,Sunday
2018-12-10 00:00:00+00:00,1947367.0,Monday
2018-12-11 00:00:00+00:00,1991700.0,Tuesday
2018-12-12 00:00:00+00:00,1856072.0,Wednesday
2018-12-13 00:00:00+00:00,1947853.0,Thursday
2018-12-14 00:00:00+00:00,1739969.0,Friday
2018-12-15 00:00:00+00:00,1688442.0,Saturday
2018-12-16 00:00:00+00:00,1837678.0,Sunday
2018-12-17 00:00:00+00:00,1974291.0,Monday
2018-12-18 00:00:00+00:00,1932188.0,Tuesday
2018-12-19 00:00:00+00:00,1984963.0,Wednesday
2018-12-20 00:00:00+00:00,1951201.0,Thursday
2018-12-21 00:00:00+00:00,1853613.0,Friday
2018-12-22 00:00:00+00:00,1681900.0,Saturday
2018-12-23 00:00:00+00:00,1679746.0,Sunday
2018-12-24 00:00:00+00:00,1729687.0,Monday
2018-12-25 00:00:00+00:00,1601087.0,Tuesday
2018-12-26 00:00:00+00:00,1521128.0,Wednesday
2018-12-27 00:00:00+00:00,1672261.0,Thursday
2018-12-28 00:00:00+00:00,1692273.0,Friday
2018-12-29 00:00:00+00:00,1579807.0,Saturday
2018-12-30 00:00:00+00:00,1568302.0,Sunday
2018-12-31 00:00:00+00:00,1588637.0,Monday
2019-01-01 00:00:00+00:00,1508532.0,Tuesday
2019-01-02 00:00:00+00:00,1846096.0,Wednesday
2019-01-03 00:00:00+00:00,1930153.0,Thursday
2019-01-04 00:00:00+00:00,1966961.0,Friday
2019-01-05 00:00:00+00:00,1840143.0,Saturday
2019-01-06 00:00:00+00:00,1739577.0,Sunday
2019-01-07 00:00:00+00:00,1846096.0,Monday
2019-01-08 00:00:00+00:00,1904838.0,Tuesday
2019-01-09 00:00:00+00:00,1984699.0,Wednesday
2019-01-10 00:00:00+00:00,1927608.0,Thursday
2019-01-11 00:00:00+00:00,1914657.0,Friday
2019-01-12 00:00:00+00:00,1749103.0,Saturday
2019-01-13 00:00:00+00:00,1678801.0,Sunday
2019-01-14 00:00:00+00:00,1911329.0,Monday
2019-01-15 00:00:00+00:00,1898705.0,Tuesday
2019-01-16 00:00:00+00:00,1911076.0,Wednesday
2019-01-17 00:00:00+00:00,1977803.0,Thursday
2019-01-18 00:00:00+00:00,2043448.0,Friday
2019-01-19 00:00:00+00:00,1877283.0,Saturday
2019-01-20 00:00:00+00:00,1861861.0,Sunday
2019-01-21 00:00:00+00:00,1955167.0,Monday
2019-01-22 00:00:00+00:00,1986448.0,Tuesday
2019-01-23 00:00:00+00:00,2006921.0,Wednesday
2019-01-24 00:00:00+00:00,2014104.0,Thursday
2019-01-25 00:00:00+00:00,1854653.0,Friday
2019-01-26 00:00:00+00:00,1733052.0,Saturday
2019-01-27 00:00:00+00:00,1734813.0,Sunday
2019-01-28 00:00:00+00:00,2009489.0,Monday
2019-01-29 00:00:00+00:00,2079242.0,Tuesday
2019-01-30 00:00:00+00:00,2078100.0,Wednesday
2019-01-31 00:00:00+00:00,2157137.0,Thursday
2019-02-01 00:00:00+00:00,2095033.0,Friday
2019-02-02 00:00:00+00:00,1911458.0,Saturday
2019-02-03 00:00:00+00:00,1907846.0,Sunday
2019-02-04 00:00:00+00:00,1960642.0,Monday
2019-02-05 00:00:00+00:00,2033405.0,Tuesday
2019-02-06 00:00:00+00:00,1995712.0,Wednesday
2019-02-07 00:00:00+00:00,1988755.0,Thursday
2019-02-08 00:00:00+00:00,1941533.0,Friday
2019-02-09 00:00:00+00:00,1750934.0,Saturday
2019-02-10 00:00:00+00:00,1776879.0,Sunday
2019-02-11 00:00:00+00:00,1962829.0,Monday
2019-02-12 00:00:00+00:00,1966484.0,Tuesday
2019-02-13 00:00:00+00:00,1964917.0,Wednesday
2019-02-14 00:00:00+00:00,1983715.0,Thursday
2019-02-15 00:00:00+00:00,1953979.0,Friday
2019-02-16 00:00:00+00:00,1704783.0,Saturday
2019-02-17 00:00:00+00:00,1611592.0,Sunday
2019-02-18 00:00:00+00:00,1847194.0,Monday
2019-02-19 00:00:00+00:00,1957519.0,Tuesday
2019-02-20 00:00:00+00:00,1914384.0,Wednesday
2019-02-21 00:00:00+00:00,1912866.0,Thursday
2019-02-22 00:00:00+00:00,1885241.0,Friday
2019-02-23 00:00:00+00:00,1711662.0,Saturday
2019-02-24 00:00:00+00:00,1713229.0,Sunday
2019-02-25 00:00:00+00:00,1885998.0,Monday
2019-02-26 00:00:00+00:00,1856916.0,Tuesday
2019-02-27 00:00:00+00:00,1842412.0,Wednesday
2019-02-28 00:00:00+00:00,1852175.0,Thursday
2019-03-01 00:00:00+00:00,1893988.0,Friday
2019-03-02 00:00:00+00:00,1680632.0,Saturday
2019-03-03 00:00:00+00:00,1630696.0,Sunday
2019-03-04 00:00:00+00:00,1857109.0,Monday
2019-03-05 00:00:00+00:00,1900100.0,Tuesday
2019-03-06 00:00:00+00:00,1930429.0,Wednesday
2019-03-07 00:00:00+00:00,1914885.0,Thursday
2019-03-08 00:00:00+00:00,1939164.0,Friday
2019-03-09 00:00:00+00:00,1680827.0,Saturday
2019-03-10 00:00:00+00:00,1744589.0,Sunday
2019-03-11 00:00:00+00:00,1923932.0,Monday
2019-03-12 00:00:00+00:00,1979251.0,Tuesday
2019-03-13 00:00:00+00:00,1924909.0,Wednesday
2019-03-14 00:00:00+00:00,1876575.0,Thursday
2019-03-15 00:00:00+00:00,1844835.0,Friday
2019-03-16 00:00:00+00:00,1739604.0,Saturday
2019-03-17 00:00:00+00:00,1707323.0,Sunday
2019-03-18 00:00:00+00:00,1866809.0,Monday
2019-03-19 00:00:00+00:00,1896882.0,Tuesday
2019-03-20 00:00:00+00:00,1791879.0,Wednesday
2019-03-21 00:00:00+00:00,1837353.0,Thursday
2019-03-22 00:00:00+00:00,1808262.0,Friday
2019-03-23 00:00:00+00:00,1660425.0,Saturday
2019-03-24 00:00:00+00:00,1590244.0,Sunday
2019-03-25 00:00:00+00:00,1797349.0,Monday
2019-03-26 00:00:00+00:00,1847883.0,Tuesday
2019-03-27 00:00:00+00:00,1848041.0,Wednesday
2019-03-28 00:00:00+00:00,1760000.0,Thursday
2019-03-29 00:00:00+00:00,1770356.0,Friday
2019-03-30 00:00:00+00:00,1626313.0,Saturday
2019-03-31 00:00:00+00:00,1559536.0,Sunday
2019-04-01 00:00:00+00:00,1740433.0,Monday
2019-04-02 00:00:00+00:00,1917014.0,Tuesday
2019-04-03 00:00:00+00:00,1906417.0,Wednesday
2019-04-04 00:00:00+00:00,1879109.0,Thursday
2019-04-05 00:00:00+00:00,1765711.0,Friday
2019-04-06 00:00:00+00:00,1660223.0,Saturday
2019-04-07 00:00:00+00:00,1606024.0,Sunday
2019-04-08 00:00:00+00:00,1710350.0,Monday
2019-04-09 00:00:00+00:00,1737520.0,Tuesday
2019-04-10 00:00:00+00:00,1759977.0,Wednesday
2019-04-11 00:00:00+00:00,1776827.0,Thursday
2019-04-12 00:00:00+00:00,1794941.0,Friday
2019-04-13 00:00:00+00:00,1640870.0,Saturday
2019-04-14 00:00:00+00:00,1622353.0,Sunday
2019-04-15 00:00:00+00:00,1756569.0,Monday
2019-04-16 00:00:00+00:00,1743445.0,Tuesday
2019-04-17 00:00:00+00:00,1680631.0,Wednesday
2019-04-18 00:00:00+00:00,1643725.0,Thursday
2019-04-19 00:00:00+00:00,1467759.0,Friday
2019-04-20 00:00:00+00:00,1384284.0,Saturday
2019-04-21 00:00:00+00:00,1321354.0,Sunday
2019-04-22 00:00:00+00:00,1394631.0,Monday
2019-04-23 00:00:00+00:00,1559489.0,Tuesday
2019-04-24 00:00:00+00:00,1615675.0,Wednesday
2019-04-25 00:00:00+00:00,1637136.0,Thursday
2019-04-26 00:00:00+00:00,1636727.0,Friday
2019-04-27 00:00:00+00:00,1524743.0,Saturday
2019-04-28 00:00:00+00:00,1531825.0,Sunday
2019-04-29 00:00:00+00:00,1751060.0,Monday
2019-04-30 00:00:00+00:00,1722527.0,Tuesday
2019-05-01 00:00:00+00:00,1707939.0,Wednesday
2019-05-02 00:00:00+00:00,1708772.0,Thursday
2019-05-03 00:00:00+00:00,1751980.0,Friday
2019-05-04 00:00:00+00:00,1508472.0,Saturday
2019-05-05 00:00:00+00:00,1530094.0,Sunday
2019-05-06 00:00:00+00:00,1569966.0,Monday
2019-05-07 00:00:00+00:00,1713237.0,Tuesday
2019-05-08 00:00:00+00:00,1752748.0,Wednesday
2019-05-09 00:00:00+00:00,1719447.0,Thursday
2019-05-10 00:00:00+00:00,1739870.0,Friday
2019-05-11 00:00:00+00:00,1530981.0,Saturday
2019-05-12 00:00:00+00:00,1503803.0,Sunday
2019-05-13 00:00:00+00:00,1567073.0,Monday
2019-05-14 00:00:00+00:00,1566373.0,Tuesday
2019-05-15 00:00:00+00:00,1670181.0,Wednesday
2019-05-16 00:00:00+00:00,1654123.0,Thursday
2019-05-17 00:00:00+00:00,1672203.0,Friday
2019-05-18 00:00:00+00:00,1525711.5,Saturday
2019-05-19 00:00:00+00:00,1501795.0,Sunday
2019-05-20 00:00:00+00:00,1555074.0,Monday
2019-05-21 00:00:00+00:00,1504690.0,Tuesday
2019-05-22 00:00:00+00:00,1630857.0,Wednesday
2019-05-23 00:00:00+00:00,1614507.0,Thursday
2019-05-24 00:00:00+00:00,1576102.0,Friday
2019-05-25 00:00:00+00:00,1412453.0,Saturday
2019-05-26 00:00:00+00:00,1316611.0,Sunday
2019-05-27 00:00:00+00:00,1403358.0,Monday
2019-05-28 00:00:00+00:00,1596199.0,Tuesday
2019-05-29 00:00:00+00:00,1663612.0,Wednesday
2019-05-30 00:00:00+00:00,1610165.0,Thursday
2019-05-31 00:00:00+00:00,1564492.0,Friday
2019-06-01 00:00:00+00:00,1436387.0,Saturday
2019-06-02 00:00:00+00:00,1337856.0,Sunday
2019-06-03 00:00:00+00:00,1476114.0,Monday
2019-06-04 00:00:00+00:00,1621035.0,Tuesday
2019-06-05 00:00:00+00:00,1592584.0,Wednesday
2019-06-06 00:00:00+00:00,1591775.0,Thursday
2019-06-07 00:00:00+00:00,1590702.0,Friday
2019-06-08 00:00:00+00:00,1407171.0,Saturday
2019-06-09 00:00:00+00:00,1407175.0,Sunday
2019-06-10 00:00:00+00:00,1630345.0,Monday
2019-06-11 00:00:00+00:00,1583250.0,Tuesday
2019-06-12 00:00:00+00:00,1676683.0,Wednesday
2019-06-13 00:00:00+00:00,994562.0,Thursday
2019-06-14 00:00:00+00:00,1648414.0,Friday
2019-06-15 00:00:00+00:00,1481121.0,Saturday
2019-06-16 00:00:00+00:00,1420936.0,Sunday
2019-06-17 00:00:00+00:00,1553941.0,Monday
2019-06-18 00:00:00+00:00,1609841.0,Tuesday
2019-06-19 00:00:00+00:00,1615643.0,Wednesday
2019-06-20 00:00:00+00:00,1525016.0,Thursday
2019-06-21 00:00:00+00:00,1553673.0,Friday
2019-06-22 00:00:00+00:00,1428464.0,Saturday
2019-06-23 00:00:00+00:00,1329170.0,Sunday
2019-06-24 00:00:00+00:00,1567566.0,Monday
2019-06-25 00:00:00+00:00,1566289.5,Tuesday
2019-06-26 00:00:00+00:00,1584798.0,Wednesday
2019-06-27 00:00:00+00:00,1612385.0,Thursday
2019-06-28 00:00:00+00:00,1533820.0,Friday
2019-06-29 00:00:00+00:00,1464384.0,Saturday
2019-06-30 00:00:00+00:00,1299122.0,Sunday
2019-07-01 00:00:00+00:00,1507820.0,Monday
2019-07-02 00:00:00+00:00,1586701.0,Tuesday
2019-07-03 00:00:00+00:00,1587168.0,Wednesday
2019-07-04 00:00:00+00:00,1570014.0,Thursday
2019-07-05 00:00:00+00:00,1557094.0,Friday
2019-07-06 00:00:00+00:00,1403746.0,Saturday
2019-07-07 00:00:00+00:00,1373516.0,Sunday
2019-07-08 00:00:00+00:00,1551800.0,Monday
2019-07-09 00:00:00+00:00,1586616.0,Tuesday
2019-07-10 00:00:00+00:00,1632230.0,Wednesday
2019-07-11 00:00:00+00:00,1559406.0,Thursday
2019-07-12 00:00:00+00:00,1599582.0,Friday
2019-07-13 00:00:00+00:00,1435910.0,Saturday
2019-07-14 00:00:00+00:00,1404166.0,Sunday
2019-07-15 00:00:00+00:00,1593938.0,Monday
2019-07-16 00:00:00+00:00,1620729.5,Tuesday
2019-07-17 00:00:00+00:00,1586025.0,Wednesday
2019-07-18 00:00:00+00:00,1562186.0,Thursday
2019-07-19 00:00:00+00:00,1521995.0,Friday
2019-07-20 00:00:00+00:00,1389005.0,Saturday
2019-07-21 00:00:00+00:00,1368985.0,Sunday
2019-07-22 00:00:00+00:00,1467167.0,Monday
2019-07-23 00:00:00+00:00,1552368.0,Tuesday
2019-07-24 00:00:00+00:00,1235562.0,Wednesday
2019-07-25 00:00:00+00:00,1307836.0,Thursday
2019-07-26 00:00:00+00:00,1547041.0,Friday
2019-07-27 00:00:00+00:00,1423272.0,Saturday
2019-07-28 00:00:00+00:00,1373170.0,Sunday
2019-07-29 00:00:00+00:00,1505266.0,Monday
2019-07-30 00:00:00+00:00,1509072.0,Tuesday
2019-07-31 00:00:00+00:00,1485951.0,Wednesday
2019-08-01 00:00:00+00:00,1499963.0,Thursday
2019-08-02 00:00:00+00:00,1492275.0,Friday
2019-08-03 00:00:00+00:00,1431087.0,Saturday
2019-08-04 00:00:00+00:00,1401189.0,Sunday
2019-08-05 00:00:00+00:00,1571702.0,Monday
2019-08-06 00:00:00+00:00,1529733.0,Tuesday
2019-08-07 00:00:00+00:00,1504154.0,Wednesday
2019-08-08 00:00:00+00:00,1541109.0,Thursday
2019-08-09 00:00:00+00:00,1493425.0,Friday
2019-08-10 00:00:00+00:00,1318243.0,Saturday
2019-08-11 00:00:00+00:00,1292939.0,Sunday
2019-08-12 00:00:00+00:00,1537980.0,Monday
2019-08-13 00:00:00+00:00,1571553.0,Tuesday
2019-08-14 00:00:00+00:00,1600663.0,Wednesday
2019-08-15 00:00:00+00:00,1537312.0,Thursday
2019-08-16 00:00:00+00:00,1515590.0,Friday
2019-08-17 00:00:00+00:00,1264342.0,Saturday
2019-08-18 00:00:00+00:00,1216393.0,Sunday
2019-08-19 00:00:00+00:00,1482645.0,Monday
2019-08-20 00:00:00+00:00,1557455.0,Tuesday
2019-08-21 00:00:00+00:00,1371677.0,Wednesday
2019-08-22 00:00:00+00:00,1532859.0,Thursday
2019-08-23 00:00:00+00:00,1549673.0,Friday
2019-08-24 00:00:00+00:00,1410951.0,Saturday
2019-08-25 00:00:00+00:00,1386520.0,Sunday
2019-08-26 00:00:00+00:00,1342747.0,Monday
2019-08-27 00:00:00+00:00,1538935.0,Tuesday
2019-08-28 00:00:00+00:00,1474168.0,Wednesday
2019-08-29 00:00:00+00:00,1444063.0,Thursday
2019-08-30 00:00:00+00:00,1413502.0,Friday
2019-08-31 00:00:00+00:00,1298215.0,Saturday
2019-09-01 00:00:00+00:00,1285406.0,Sunday
2019-09-02 00:00:00+00:00,1506318.0,Monday
2019-09-03 00:00:00+00:00,1516595.0,Tuesday
2019-09-04 00:00:00+00:00,1500278.0,Wednesday
2019-09-05 00:00:00+00:00,1517283.0,Thursday
2019-09-06 00:00:00+00:00,1488214.0,Friday
2019-09-07 00:00:00+00:00,1375262.0,Saturday
2019-09-08 00:00:00+00:00,1387426.0,Sunday
2019-09-09 00:00:00+00:00,1592642.0,Monday
2019-09-10 00:00:00+00:00,1620557.0,Tuesday
2019-09-11 00:00:00+00:00,1552749.0,Wednesday
2019-09-12 00:00:00+00:00,1583497.0,Thursday
2019-09-13 00:00:00+00:00,1553763.0,Friday
2019-09-14 00:00:00+00:00,1393865.0,Saturday
2019-09-15 00:00:00+00:00,1359137.0,Sunday
2019-09-16 00:00:00+00:00,1571694.0,Monday
2019-09-17 00:00:00+00:00,1540517.0,Tuesday
2019-09-18 00:00:00+00:00,1601926.0,Wednesday
2019-09-19 00:00:00+00:00,1590613.0,Thursday
2019-09-20 00:00:00+00:00,1528582.0,Friday
2019-09-21 00:00:00+00:00,1347442.0,Saturday
2019-09-22 00:00:00+00:00,1424401.0,Sunday
2019-09-23 00:00:00+00:00,1454692.0,Monday
2019-09-24 00:00:00+00:00,1524184.0,Tuesday
2019-09-25 00:00:00+00:00,1593742.0,Wednesday
2019-09-26 00:00:00+00:00,1531164.0,Thursday
2019-09-27 00:00:00+00:00,1565326.0,Friday
2019-09-28 00:00:00+00:00,1423219.0,Saturday
2019-09-29 00:00:00+00:00,1448163.0,Sunday
2019-09-30 00:00:00+00:00,1632190.0,Monday
2019-10-01 00:00:00+00:00,1556622.0,Tuesday
2019-10-02 00:00:00+00:00,1608448.0,Wednesday
2019-10-03 00:00:00+00:00,1684837.0,Thursday
2019-10-04 00:00:00+00:00,1597988.0,Friday
2019-10-05 00:00:00+00:00,1558189.0,Saturday
2019-10-06 00:00:00+00:00,1450638.0,Sunday
2019-10-07 00:00:00+00:00,1581934.0,Monday
2019-10-08 00:00:00+00:00,1537983.0,Tuesday
2019-10-09 00:00:00+00:00,1614918.0,Wednesday
2019-10-10 00:00:00+00:00,1632613.0,Thursday
2019-10-11 00:00:00+00:00,1628978.0,Friday
2019-10-12 00:00:00+00:00,1564857.0,Saturday
2019-10-13 00:00:00+00:00,1548538.0,Sunday
2019-10-14 00:00:00+00:00,1740627.0,Monday
2019-10-15 00:00:00+00:00,1712886.0,Tuesday
2019-10-16 00:00:00+00:00,1693788.0,Wednesday
2019-10-17 00:00:00+00:00,1666171.0,Thursday
2019-10-18 00:00:00+00:00,1685729.0,Friday
2019-10-19 00:00:00+00:00,1595008.0,Saturday
2019-10-20 00:00:00+00:00,1554670.0,Sunday
2019-10-21 00:00:00+00:00,1637675.0,Monday
2019-10-22 00:00:00+00:00,1656755.0,Tuesday
2019-10-23 00:00:00+00:00,1714777.0,Wednesday
2019-10-24 00:00:00+00:00,1764132.0,Thursday
2019-10-25 00:00:00+00:00,1760345.0,Friday
2019-10-26 00:00:00+00:00,1635847.8,Saturday
2019-10-27 00:00:00+00:00,1559715.2,Sunday
2019-10-28 00:00:00+00:00,1838819.0,Monday
2019-10-29 00:00:00+00:00,1797020.0,Tuesday
2019-10-30 00:00:00+00:00,1674990.0,Wednesday
2019-10-31 00:00:00+00:00,1752903.0,Thursday
2019-11-01 00:00:00+00:00,1832444.0,Friday
2019-11-02 00:00:00+00:00,1670687.0,Saturday
2019-11-03 00:00:00+00:00,1647541.0,Sunday
2019-11-04 00:00:00+00:00,1862838.0,Monday
2019-11-05 00:00:00+00:00,1799273.0,Tuesday
2019-11-06 00:00:00+00:00,1832379.0,Wednesday
2019-11-07 00:00:00+00:00,1906888.0,Thursday
2019-11-08 00:00:00+00:00,1861812.0,Friday
2019-11-09 00:00:00+00:00,1874117.0,Saturday
2019-11-10 00:00:00+00:00,1773417.0,Sunday
2019-11-11 00:00:00+00:00,1899693.0,Monday
2019-11-12 00:00:00+00:00,1918699.0,Tuesday
2019-11-13 00:00:00+00:00,1950399.0,Wednesday
2019-11-14 00:00:00+00:00,1915479.0,Thursday
2019-11-15 00:00:00+00:00,1863604.0,Friday
2019-11-16 00:00:00+00:00,1792491.0,Saturday
2019-11-17 00:00:00+00:00,1791488.0,Sunday
2019-11-18 00:00:00+00:00,1895521.0,Monday
2019-11-19 00:00:00+00:00,1928405.0,Tuesday
2019-11-20 00:00:00+00:00,1861610.0,Wednesday
2019-11-21 00:00:00+00:00,1951911.0,Thursday
2019-11-22 00:00:00+00:00,1187262.0,Friday
2019-11-23 00:00:00+00:00,0.0,Saturday
2019-11-24 00:00:00+00:00,211865.0,Sunday
2019-11-25 00:00:00+00:00,1895203.0,Monday
2019-11-26 00:00:00+00:00,1874298.0,Tuesday
2019-11-27 00:00:00+00:00,1921457.0,Wednesday
2019-11-28 00:00:00+00:00,1899538.0,Thursday
2019-11-29 00:00:00+00:00,1973849.0,Friday
2019-11-30 00:00:00+00:00,1928388.0,Saturday
2019-12-01 00:00:00+00:00,1852335.0,Sunday
2019-12-02 00:00:00+00:00,1983603.0,Monday
2019-12-03 00:00:00+00:00,1930186.0,Tuesday
2019-12-04 00:00:00+00:00,1871270.0,Wednesday
2019-12-05 00:00:00+00:00,1827571.0,Thursday
2019-12-06 00:00:00+00:00,1767048.0,Friday
2019-12-07 00:00:00+00:00,1673061.0,Saturday
2019-12-08 00:00:00+00:00,1558852.0,Sunday
2019-12-09 00:00:00+00:00,1879111.0,Monday
2019-12-10 00:00:00+00:00,1909187.0,Tuesday
2019-12-11 00:00:00+00:00,1886137.0,Wednesday
2019-12-12 00:00:00+00:00,2009230.0,Thursday
2019-12-13 00:00:00+00:00,1982577.0,Friday
2019-12-14 00:00:00+00:00,1809647.0,Saturday
2019-12-15 00:00:00+00:00,1792643.0,Sunday
2019-12-16 00:00:00+00:00,1970800.0,Monday
2019-12-17 00:00:00+00:00,2011325.0,Tuesday
2019-12-18 00:00:00+00:00,2053294.0,Wednesday
2019-12-19 00:00:00+00:00,1868882.0,Thursday
2019-12-20 00:00:00+00:00,1865754.0,Friday
2019-12-21 00:00:00+00:00,1743143.0,Saturday
2019-12-22 00:00:00+00:00,1756075.0,Sunday
2019-12-23 00:00:00+00:00,1795103.0,Monday
2019-12-24 00:00:00+00:00,1752999.0,Tuesday
2019-12-25 00:00:00+00:00,1599231.0,Wednesday
2019-12-26 00:00:00+00:00,1575985.0,Thursday
2019-12-27 00:00:00+00:00,1750448.0,Friday
2019-12-28 00:00:00+00:00,1668276.0,Saturday
2019-12-29 00:00:00+00:00,1611581.0,Sunday
2019-12-30 00:00:00+00:00,1678530.0,Monday
2019-12-31 00:00:00+00:00,1738901.0,Tuesday
2020-01-01 00:00:00+00:00,1658191.0,Wednesday
2020-01-02 00:00:00+00:00,1682433.0,Thursday
2020-01-03 00:00:00+00:00,1791891.0,Friday
2020-01-04 00:00:00+00:00,1667813.0,Saturday
2020-01-05 00:00:00+00:00,1656738.0,Sunday
2020-01-06 00:00:00+00:00,1743513.0,Monday
2020-01-07 00:00:00+00:00,1800904.0,Tuesday
2020-01-08 00:00:00+00:00,1739952.0,Wednesday
2020-01-09 00:00:00+00:00,1818676.0,Thursday
2020-01-10 00:00:00+00:00,1866054.0,Friday
2020-01-11 00:00:00+00:00,1630411.0,Saturday
2020-01-12 00:00:00+00:00,1675373.0,Sunday
2020-01-13 00:00:00+00:00,1829215.0,Monday
2020-01-14 00:00:00+00:00,1822155.0,Tuesday
2020-01-15 00:00:00+00:00,1868720.0,Wednesday
2020-01-16 00:00:00+00:00,1841924.0,Thursday
2020-01-17 00:00:00+00:00,1897225.0,Friday
2020-01-18 00:00:00+00:00,1766958.0,Saturday
2020-01-19 00:00:00+00:00,1852345.0,Sunday
2020-01-20 00:00:00+00:00,1899993.0,Monday
2020-01-21 00:00:00+00:00,1905855.0,Tuesday
2020-01-22 00:00:00+00:00,1858579.0,Wednesday
2020-01-23 00:00:00+00:00,1780976.0,Thursday
2020-01-24 00:00:00+00:00,1786979.0,Friday
2020-01-25 00:00:00+00:00,1774166.0,Saturday
2020-01-26 00:00:00+00:00,1695718.0,Sunday
2020-01-27 00:00:00+00:00,1901210.0,Monday
2020-01-28 00:00:00+00:00,2005318.0,Tuesday
2020-01-29 00:00:00+00:00,1927301.0,Wednesday
2020-01-30 00:00:00+00:00,1916163.0,Thursday
2020-01-31 00:00:00+00:00,1836386.0,Friday
2020-02-01 00:00:00+00:00,1587204.0,Saturday
2020-02-02 00:00:00+00:00,1679556.0,Sunday
2020-02-03 00:00:00+00:00,1803096.0,Monday
2020-02-04 00:00:00+00:00,1907233.0,Tuesday
2020-02-05 00:00:00+00:00,1958359.0,Wednesday
2020-02-06 00:00:00+00:00,2007785.0,Thursday
2020-02-07 00:00:00+00:00,1928710.0,Friday
2020-02-08 00:00:00+00:00,1677656.0,Saturday
2020-02-09 00:00:00+00:00,1711730.0,Sunday
2020-02-10 00:00:00+00:00,1909607.0,Monday
2020-02-11 00:00:00+00:00,2012423.0,Tuesday
2020-02-12 00:00:00+00:00,1966554.0,Wednesday
2020-02-13 00:00:00+00:00,1978339.0,Thursday
2020-02-14 00:00:00+00:00,1890655.0,Friday
2020-02-15 00:00:00+00:00,1731277.0,Saturday
2020-02-16 00:00:00+00:00,1648407.0,Sunday
2020-02-17 00:00:00+00:00,1892062.0,Monday
2020-02-18 00:00:00+00:00,1923396.0,Tuesday
2020-02-19 00:00:00+00:00,1954656.0,Wednesday
2020-02-20 00:00:00+00:00,1881073.0,Thursday
2020-02-21 00:00:00+00:00,1887042.0,Friday
2020-02-22 00:00:00+00:00,1676725.0,Saturday
2020-02-23 00:00:00+00:00,1693208.0,Sunday
2020-02-24 00:00:00+00:00,1948270.0,Monday
2020-02-25 00:00:00+00:00,1980603.0,Tuesday
2020-02-26 00:00:00+00:00,1997376.0,Wednesday
2020-02-27 00:00:00+00:00,1948103.0,Thursday
2020-02-28 00:00:00+00:00,2025033.5,Friday
2020-02-29 00:00:00+00:00,1733787.0,Saturday
2020-03-01 00:00:00+00:00,1698309.0,Sunday
2020-03-02 00:00:00+00:00,1956274.0,Monday
2020-03-03 00:00:00+00:00,1928428.0,Tuesday
2020-03-04 00:00:00+00:00,1974256.0,Wednesday
2020-03-05 00:00:00+00:00,1984279.0,Thursday
2020-03-06 00:00:00+00:00,1978381.0,Friday
2020-03-07 00:00:00+00:00,1750962.0,Saturday
2020-03-08 00:00:00+00:00,1616273.0,Sunday
2020-03-09 00:00:00+00:00,1859698.0,Monday
2020-03-10 00:00:00+00:00,1827381.0,Tuesday
2020-03-11 00:00:00+00:00,1851048.0,Wednesday
2020-03-12 00:00:00+00:00,1880435.0,Thursday
2020-03-13 00:00:00+00:00,1887083.0,Friday
2020-03-14 00:00:00+00:00,1711616.0,Saturday
2020-03-15 00:00:00+00:00,1620135.0,Sunday
2020-03-16 00:00:00+00:00,1840666.0,Monday
2020-03-17 00:00:00+00:00,1803550.0,Tuesday
2020-03-18 00:00:00+00:00,1859543.0,Wednesday
2020-03-19 00:00:00+00:00,1896191.0,Thursday
2020-03-20 00:00:00+00:00,1839369.0,Friday
2020-03-21 00:00:00+00:00,1608869.0,Saturday
2020-03-22 00:00:00+00:00,1629067.0,Sunday
2020-03-23 00:00:00+00:00,1802157.0,Monday
2020-03-24 00:00:00+00:00,1696818.0,Tuesday
2020-03-25 00:00:00+00:00,1617691.0,Wednesday
2020-03-26 00:00:00+00:00,1596200.0,Thursday
2020-03-27 00:00:00+00:00,1594456.0,Friday
2020-03-28 00:00:00+00:00,1421459.0,Saturday
2020-03-29 00:00:00+00:00,1478950.0,Sunday
2020-03-30 00:00:00+00:00,1713883.0,Monday
2020-03-31 00:00:00+00:00,1700652.0,Tuesday
2020-04-01 00:00:00+00:00,1691685.0,Wednesday
2020-04-02 00:00:00+00:00,1578873.0,Thursday
2020-04-03 00:00:00+00:00,1587922.0,Friday
2020-04-04 00:00:00+00:00,1471832.0,Saturday
2020-04-05 00:00:00+00:00,1218067.0,Sunday
2020-04-06 00:00:00+00:00,1387677.0,Monday
2020-04-07 00:00:00+00:00,1461664.0,Tuesday
2020-04-08 00:00:00+00:00,1434553.0,Wednesday
2020-04-09 00:00:00+00:00,1432678.0,Thursday
2020-04-10 00:00:00+00:00,1360484.0,Friday
2020-04-11 00:00:00+00:00,1297801.0,Saturday
2020-04-12 00:00:00+00:00,1288156.0,Sunday
2020-04-13 00:00:00+00:00,1281890.0,Monday
2020-04-14 00:00:00+00:00,1490750.0,Tuesday
2020-04-15 00:00:00+00:00,1455596.0,Wednesday
2020-04-16 00:00:00+00:00,1445882.0,Thursday
2020-04-17 00:00:00+00:00,1382100.0,Friday
2020-04-18 00:00:00+00:00,1405206.0,Saturday
2020-04-19 00:00:00+00:00,1304720.0,Sunday
2020-04-20 00:00:00+00:00,1253845.0,Monday
2020-04-21 00:00:00+00:00,1251498.0,Tuesday
2020-04-22 00:00:00+00:00,1335256.0,Wednesday
2020-04-23 00:00:00+00:00,1413394.0,Thursday
2020-04-24 00:00:00+00:00,1397237.0,Friday
2020-04-25 00:00:00+00:00,1335371.0,Saturday
2020-04-26 00:00:00+00:00,1325791.0,Sunday
2020-04-27 00:00:00+00:00,1443561.0,Monday
2020-04-28 00:00:00+00:00,1510020.0,Tuesday
2020-04-29 00:00:00+00:00,1534889.0,Wednesday
2020-04-30 00:00:00+00:00,1500989.0,Thursday
2020-05-01 00:00:00+00:00,1467914.0,Friday
2020-05-02 00:00:00+00:00,1347288.0,Saturday
2020-05-03 00:00:00+00:00,1377894.0,Sunday
2020-05-04 00:00:00+00:00,1479952.5,Monday
2020-05-05 00:00:00+00:00,1471220.0,Tuesday
2020-05-06 00:00:00+00:00,1502399.0,Wednesday
2020-05-07 00:00:00+00:00,1432647.0,Thursday
2020-05-08 00:00:00+00:00,1337063.0,Friday
2020-05-09 00:00:00+00:00,1289126.0,Saturday
2020-05-10 00:00:00+00:00,1180806.0,Sunday
2020-05-11 00:00:00+00:00,1358926.0,Monday
2020-05-12 00:00:00+00:00,1501714.0,Tuesday
2020-05-13 00:00:00+00:00,1492190.0,Wednesday
2020-05-14 00:00:00+00:00,1501644.0,Thursday
2020-05-15 00:00:00+00:00,1465594.0,Friday
2020-05-16 00:00:00+00:00,1345981.0,Saturday
2020-05-17 00:00:00+00:00,1302273.0,Sunday
2020-05-18 00:00:00+00:00,1359763.0,Monday
2020-05-19 00:00:00+00:00,1455342.0,Tuesday
2020-05-20 00:00:00+00:00,1457557.0,Wednesday
2020-05-21 00:00:00+00:00,1422394.0,Thursday
2020-05-22 00:00:00+00:00,1112580.0,Friday
2020-05-23 00:00:00+00:00,1011092.0,Saturday
2020-05-24 00:00:00+00:00,1138085.0,Sunday
2020-05-25 00:00:00+00:00,1241977.0,Monday
2020-05-26 00:00:00+00:00,1417499.0,Tuesday
2020-05-27 00:00:00+00:00,1426718.0,Wednesday
2020-05-28 00:00:00+00:00,1458900.0,Thursday
2020-05-29 00:00:00+00:00,1416786.0,Friday
2020-05-30 00:00:00+00:00,1246825.0,Saturday
2020-05-31 00:00:00+00:00,1247748.0,Sunday
2020-06-01 00:00:00+00:00,1430240.0,Monday
2020-06-02 00:00:00+00:00,1374809.0,Tuesday
2020-06-03 00:00:00+00:00,1341506.0,Wednesday
2020-06-04 00:00:00+00:00,1396918.0,Thursday
2020-06-05 00:00:00+00:00,1344459.0,Friday
2020-06-06 00:00:00+00:00,1213045.0,Saturday
2020-06-07 00:00:00+00:00,1317952.0,Sunday
2020-06-08 00:00:00+00:00,1403689.0,Monday
2020-06-09 00:00:00+00:00,1388560.0,Tuesday
2020-06-10 00:00:00+00:00,1453382.0,Wednesday
2020-06-11 00:00:00+00:00,1440611.0,Thursday
2020-06-12 00:00:00+00:00,1421769.0,Friday
2020-06-13 00:00:00+00:00,1329715.0,Saturday
2020-06-14 00:00:00+00:00,1336465.0,Sunday
2020-06-15 00:00:00+00:00,1432435.0,Monday
2020-06-16 00:00:00+00:00,1021953.0,Tuesday
2020-06-17 00:00:00+00:00,1328368.0,Wednesday
2020-06-18 00:00:00+00:00,1386320.0,Thursday
2020-06-19 00:00:00+00:00,1406706.0,Friday
2020-06-20 00:00:00+00:00,1315568.0,Saturday
2020-06-21 00:00:00+00:00,1183998.0,Sunday
2020-06-22 00:00:00+00:00,1415055.0,Monday
2020-06-23 00:00:00+00:00,1309019.0,Tuesday
2020-06-24 00:00:00+00:00,1247130.0,Wednesday
2020-06-25 00:00:00+00:00,1293282.0,Thursday
2020-06-26 00:00:00+00:00,1342179.0,Friday
2020-06-27 00:00:00+00:00,1266446.0,Saturday
2020-06-28 00:00:00+00:00,1019717.0,Sunday
2020-06-29 00:00:00+00:00,1253474.0,Monday
2020-06-30 00:00:00+00:00,1324905.0,Tuesday
2020-07-01 00:00:00+00:00,1338773.0,Wednesday
2020-07-02 00:00:00+00:00,1268763.0,Thursday
2020-07-03 00:00:00+00:00,1302906.0,Friday
2020-07-04 00:00:00+00:00,1228951.0,Saturday
2020-07-05 00:00:00+00:00,1115935.0,Sunday
2020-07-06 00:00:00+00:00,1364983.0,Monday
2020-07-07 00:00:00+00:00,1388824.0,Tuesday
2020-07-08 00:00:00+00:00,1313710.0,Wednesday
2020-07-09 00:00:00+00:00,1299495.0,Thursday
2020-07-10 00:00:00+00:00,1322395.0,Friday
2020-07-11 00:00:00+00:00,1333609.0,Saturday
2020-07-12 00:00:00+00:00,1336963.0,Sunday
2020-07-13 00:00:00+00:00,1329595.0,Monday
2020-07-14 00:00:00+00:00,1338755.0,Tuesday
2020-07-15 00:00:00+00:00,1279593.0,Wednesday
2020-07-16 00:00:00+00:00,1318552.0,Thursday
2020-07-17 00:00:00+00:00,1324985.0,Friday
2020-07-18 00:00:00+00:00,1352487.0,Saturday
2020-07-19 00:00:00+00:00,1306375.0,Sunday
2020-07-20 00:00:00+00:00,1328896.0,Monday
2020-07-21 00:00:00+00:00,1327194.0,Tuesday
2020-07-22 00:00:00+00:00,1204269.0,Wednesday
2020-07-23 00:00:00+00:00,1285307.0,Thursday
2020-07-24 00:00:00+00:00,1372134.0,Friday
2020-07-25 00:00:00+00:00,1324938.0,Saturday
2020-07-26 00:00:00+00:00,1251799.0,Sunday
2020-07-27 00:00:00+00:00,1355228.0,Monday
2020-07-28 00:00:00+00:00,1311578.0,Tuesday
2020-07-29 00:00:00+00:00,1378640.0,Wednesday
2020-07-30 00:00:00+00:00,1362247.0,Thursday
2020-07-31 00:00:00+00:00,1357190.0,Friday
2020-08-01 00:00:00+00:00,1356657.0,Saturday
2020-08-02 00:00:00+00:00,1302388.0,Sunday
2020-08-03 00:00:00+00:00,1392141.0,Monday
2020-08-04 00:00:00+00:00,1342714.2,Tuesday
2020-08-05 00:00:00+00:00,1375252.8,Wednesday
2020-08-06 00:00:00+00:00,1497502.0,Thursday
2020-08-07 00:00:00+00:00,1439693.0,Friday
2020-08-08 00:00:00+00:00,1413827.0,Saturday
2020-08-09 00:00:00+00:00,1373343.0,Sunday
2020-08-10 00:00:00+00:00,1485433.0,Monday
2020-08-11 00:00:00+00:00,1539210.0,Tuesday
2020-08-12 00:00:00+00:00,1589291.0,Wednesday
2020-08-13 00:00:00+00:00,1485534.0,Thursday
2020-08-14 00:00:00+00:00,1477529.0,Friday
2020-08-15 00:00:00+00:00,1406742.0,Saturday
2020-08-16 00:00:00+00:00,1408079.0,Sunday
2020-08-17 00:00:00+00:00,1517884.0,Monday
2020-08-18 00:00:00+00:00,1470994.0,Tuesday
2020-08-19 00:00:00+00:00,1520185.0,Wednesday
2020-08-20 00:00:00+00:00,1430648.0,Thursday
2020-08-21 00:00:00+00:00,1401268.0,Friday
2020-08-22 00:00:00+00:00,1245143.0,Saturday
2020-08-23 00:00:00+00:00,1324094.0,Sunday
2020-08-24 00:00:00+00:00,1459838.0,Monday
2020-08-25 00:00:00+00:00,1428711.0,Tuesday
2020-08-26 00:00:00+00:00,1453458.0,Wednesday
2020-08-27 00:00:00+00:00,1511231.0,Thursday
2020-08-28 00:00:00+00:00,1463935.0,Friday
2020-08-29 00:00:00+00:00,1339515.0,Saturday
2020-08-30 00:00:00+00:00,1368328.0,Sunday
2020-08-31 00:00:00+00:00,1314617.0,Monday
2020-09-01 00:00:00+00:00,1431443.0,Tuesday
2020-09-02 00:00:00+00:00,1436247.0,Wednesday
2020-09-03 00:00:00+00:00,1473882.0,Thursday
2020-09-04 00:00:00+00:00,1464196.0,Friday
2020-09-05 00:00:00+00:00,1346349.0,Saturday
2020-09-06 00:00:00+00:00,1410975.0,Sunday
2020-09-07 00:00:00+00:00,1498302.0,Monday
2020-09-08 00:00:00+00:00,1500993.0,Tuesday
2020-09-09 00:00:00+00:00,1423755.0,Wednesday
2020-09-10 00:00:00+00:00,1434538.0,Thursday
2020-09-11 00:00:00+00:00,1378087.0,Friday
2020-09-12 00:00:00+00:00,1314585.0,Saturday
2020-09-13 00:00:00+00:00,1300777.0,Sunday
2020-09-14 00:00:00+00:00,1439999.0,Monday
2020-09-15 00:00:00+00:00,1422118.0,Tuesday
2020-09-16 00:00:00+00:00,1389558.0,Wednesday
2020-09-17 00:00:00+00:00,1467220.0,Thursday
2020-09-18 00:00:00+00:00,1480587.0,Friday
2020-09-19 00:00:00+00:00,1403258.0,Saturday
2020-09-20 00:00:00+00:00,1404319.0,Sunday
2020-09-21 00:00:00+00:00,1409631.0,Monday
2020-09-22 00:00:00+00:00,1412830.0,Tuesday
2020-09-23 00:00:00+00:00,1524281.0,Wednesday
2020-09-24 00:00:00+00:00,1603842.0,Thursday
2020-09-25 00:00:00+00:00,1514537.0,Friday
2020-09-26 00:00:00+00:00,1418784.0,Saturday
2020-09-27 00:00:00+00:00,1486189.0,Sunday
2020-09-28 00:00:00+00:00,1606361.0,Monday
2020-09-29 00:00:00+00:00,1614137.0,Tuesday
2020-09-30 00:00:00+00:00,1521905.0,Wednesday
